#{"t_start": 1650040403.7259083, "env_id": null}
r,l,t
-260.107853,1000,2.868817
-974.099315,1000,7.682378
-876.139826,1000,12.418628
-441.778392,1000,17.157655
54.095139,1000,21.845734
-798.259489,1000,26.725578
-1077.756705,1000,31.40548
-2525.340929,1000,36.046024
324.47335,1000,40.748449
-95.463053,1000,45.434253
-21.556774,1000,50.069441
487.421965,1000,54.743861
229.426798,1000,59.433497
-599.683164,1000,64.07697
521.154313,1000,68.718364
581.465108,1000,73.461145
402.979449,1000,78.252696
413.586144,1000,83.008332
605.636439,1000,87.667646
642.103304,1000,92.389843
487.012646,1000,97.125564
-5.917372,1000,101.831208
332.07318,1000,106.523516
573.039262,1000,111.188183
72.723959,1000,115.824075
673.114316,1000,120.574528
310.917677,1000,125.279089
294.337324,1000,130.151918
412.254615,1000,134.929425
403.068345,1000,139.596099
394.61741,1000,144.327705
573.493038,1000,149.051683
605.397605,1000,153.742742
597.253396,1000,158.487752
625.806444,1000,163.242855
-512.167716,1000,168.023576
-0.083577,1000,172.746421
484.541109,1000,177.48765
709.573414,1000,182.111948
732.214456,1000,186.865607
229.048347,1000,191.633813
395.622008,1000,196.420311
-117.637113,1000,201.160655
-699.593925,1000,205.832478
-893.687729,1000,210.65918
-111.067561,1000,215.345421
-99.420797,1000,220.045926
281.201396,1000,224.728023
501.994657,1000,229.67766
178.781029,1000,234.362874
769.178663,1000,239.165152
-310.573724,1000,243.811886
310.585276,1000,248.515911
484.662686,1000,253.19724
480.354107,1000,257.802599
559.466273,1000,262.42693
717.047699,1000,267.095805
907.343697,1000,271.811151
990.646182,1000,276.517802
1137.572751,1000,281.22211
1138.561348,1000,285.963906
1168.371912,1000,290.63837
1093.910059,1000,295.43006
1308.585247,1000,300.148748
1236.261773,1000,304.8376
1382.376838,1000,309.530064
1284.296398,1000,314.154978
1366.975541,1000,318.798866
1394.853454,1000,323.495006
1441.820798,1000,328.197357
1397.36552,1000,332.881524
1512.972163,1000,337.534835
1431.156937,1000,342.200949
1567.6436,1000,346.808129
1393.386877,1000,351.40159
1346.103735,1000,356.019335
1487.435677,1000,360.712542
1463.625165,1000,365.376255
1513.775135,1000,370.057962
1524.651246,1000,374.814605
1470.013992,1000,379.510794
1526.806453,1000,384.163731
1521.975631,1000,388.794662
1637.501939,1000,393.454508
1607.426693,1000,398.086845
1661.326592,1000,402.686238
1702.872307,1000,407.301091
1665.930975,1000,411.940396
1714.561646,1000,416.595788
1650.064984,1000,421.238942
1445.820108,1000,425.929254
1494.457893,1000,430.774475
1544.104488,1000,435.455508
1562.750873,1000,440.236011
1619.230601,1000,445.019258
1659.798993,1000,449.681347
1713.219816,1000,454.41374
1608.268468,1000,459.179083
1706.07477,1000,463.868951
1645.697737,1000,468.523962
1598.539112,1000,473.385995
1645.829499,1000,478.086958
1642.562884,1000,482.819422
1700.04962,1000,487.512046
1740.77597,1000,492.219709
1711.498764,1000,496.991895
1662.080527,1000,501.68295
1749.578886,1000,506.351687
1750.443137,1000,511.078036
1718.733782,1000,515.923527
1830.90269,1000,520.634726
1815.668203,1000,525.342273
1762.607167,1000,530.033084
1741.827011,1000,534.730549
1781.621021,1000,539.369088
1798.680699,1000,544.104006
1771.159631,1000,548.789002
1864.68631,1000,553.502337
1822.274455,1000,558.156638
1864.972131,1000,562.787886
1822.374012,1000,567.37263
1798.220882,1000,572.10975
1890.942479,1000,576.745898
1861.935354,1000,581.370566
1838.945223,1000,586.150387
1851.749707,1000,590.918616
1900.492793,1000,595.6202
1768.454478,1000,600.262664
1802.57402,1000,604.925277
1914.53184,1000,609.818062
1918.865278,1000,614.556112
1877.256785,1000,619.280962
1853.339505,1000,624.011111
1832.487894,1000,628.713363
1768.6777,1000,633.385769
1922.881594,1000,638.094219
1918.66112,1000,642.79005
1930.168696,1000,647.476342
1942.829208,1000,652.187028
1909.279134,1000,656.886419
1889.54255,1000,661.604558
1913.344097,1000,666.41662
1898.942644,1000,671.061232
1796.899855,1000,675.770629
1912.354746,1000,680.507015
1908.867413,1000,685.178422
1922.323552,1000,689.864324
1832.415332,1000,694.582247
1814.912685,1000,699.297543
1869.784911,1000,703.910005
1891.448244,1000,708.592469
1899.352466,1000,713.311954
1882.586503,1000,718.019055
1874.848467,1000,722.61635
-1035.755011,1000,727.247874
1868.77298,1000,731.885087
1933.975531,1000,736.711842
1875.365116,1000,741.489337
1920.037293,1000,746.172243
1902.416602,1000,750.826323
1903.200822,1000,755.482782
1838.146136,1000,760.239576
1864.046626,1000,764.821428
1844.177852,1000,769.49974
1788.908609,1000,774.122457
1882.33848,1000,778.760978
1902.624736,1000,783.468899
1949.587067,1000,788.194591
1861.576386,1000,792.912372
1928.865419,1000,797.612435
1868.33181,1000,802.270859
1931.482073,1000,806.96803
1945.121901,1000,811.758418
1917.759007,1000,816.543443
1921.986154,1000,821.116376
1904.450329,1000,825.702602
1949.1586,1000,830.448501
1929.328333,1000,835.124109
1843.273336,1000,839.803811
1964.325196,1000,844.435989
1952.692727,1000,849.091752
1997.883439,1000,853.675169
1965.316718,1000,858.349049
1949.447003,1000,862.992199
1898.375339,1000,867.583557
1916.111317,1000,872.329178
1873.580598,1000,876.956098
1846.288611,1000,881.528103
1926.798567,1000,886.102826
1809.776951,1000,890.686557
1903.356055,1000,895.416242
1932.968189,1000,900.291936
1929.358279,1000,905.027631
1897.16299,1000,909.585324
1921.060946,1000,914.200563
1901.193236,1000,918.863772
1773.497233,1000,923.53037
-1004.134985,1000,928.225906
1839.859292,1000,932.869181
1869.641321,1000,937.573267
-714.112533,1000,942.239153
1833.847261,1000,946.877006
1888.849957,1000,951.486414
1830.435424,1000,956.108557
1949.733099,1000,960.774182
-103.623693,1000,965.467431
1837.052894,1000,970.134261
1918.302098,1000,974.743183
1933.961563,1000,979.403433
1773.44458,1000,984.164426
-408.974578,1000,988.838295
1913.657335,1000,993.485006
1977.535296,1000,998.143639
1948.093288,1000,1002.799122
1893.034014,1000,1007.563738
1816.164967,1000,1012.18647
1954.89992,1000,1016.866234
1906.667762,1000,1021.469823
1915.982469,1000,1026.057604
1912.355271,1000,1030.703979
1925.740266,1000,1035.488374
1930.423229,1000,1040.265406
1936.243442,1000,1045.031676
1912.02779,1000,1049.730729
1888.95378,1000,1054.376914
1958.770116,1000,1059.048286
1980.014279,1000,1063.635263
1954.938803,1000,1068.281257
1939.897547,1000,1072.945425
1962.018485,1000,1077.625259
1850.229764,1000,1082.277508
1998.698589,1000,1086.883851
2003.327839,1000,1091.55971
1978.416643,1000,1096.317634
1868.154662,1000,1100.982881
1990.047554,1000,1105.686798
1968.696014,1000,1110.444165
1914.0717,1000,1115.07024
1928.302557,1000,1119.745198
1929.258086,1000,1124.458353
1944.964182,1000,1129.139171
1823.491957,1000,1133.820333
1932.009215,1000,1138.425292
1931.721994,1000,1143.228726
1893.184355,1000,1147.841267
1872.034192,1000,1152.416181
1900.428963,1000,1157.133593
1988.876499,1000,1161.847438
1985.65367,1000,1166.599132
1942.649812,1000,1171.457564
1939.762464,1000,1176.20763
1927.728216,1000,1181.058929
1961.711486,1000,1185.654556
1985.88456,1000,1190.329257
2004.828232,1000,1194.967226
1999.335501,1000,1199.741606
2012.759442,1000,1204.477265
1919.377344,1000,1209.139235
1946.628528,1000,1213.737605
1941.35667,1000,1218.429802
2010.485913,1000,1223.049023
1970.120712,1000,1227.655957
2008.661016,1000,1232.374182
1956.140391,1000,1237.067851
1963.133817,1000,1241.756428
1918.983658,1000,1246.512741
1951.571735,1000,1251.172399
1968.566895,1000,1255.848701
1946.095076,1000,1260.559548
1922.244027,1000,1265.222339
1980.644831,1000,1269.863372
1991.273775,1000,1274.45812
1969.958173,1000,1279.083278
2024.16001,1000,1283.813058
1967.882289,1000,1288.545038
1964.676884,1000,1293.283916
2019.434371,1000,1298.029218
1950.345782,1000,1302.813775
1907.198235,1000,1307.404809
1968.742247,1000,1311.983974
1830.129756,1000,1316.596642
1988.622835,1000,1321.357871
1992.844289,1000,1325.972698
2044.987468,1000,1330.60925
1971.102048,1000,1335.210171
2024.033473,1000,1339.867879
2033.661803,1000,1344.473967
2062.831726,1000,1349.092794
2026.977047,1000,1353.706535
2018.507102,1000,1358.442039
2040.519028,1000,1363.154964
1878.859545,1000,1367.911871
2030.939619,1000,1372.522141
2027.681863,1000,1377.295736
2021.38762,1000,1382.011081
1993.500395,1000,1386.777285
2021.579527,1000,1391.434652
1993.333811,1000,1396.047858
2002.357191,1000,1400.635811
1904.787948,1000,1405.254898
2020.351621,1000,1409.933808
2025.783979,1000,1414.618248
1987.495643,1000,1419.239786
2017.117721,1000,1423.928004
2049.779122,1000,1428.735584
2001.915197,1000,1433.425104
2030.703465,1000,1438.09037
1946.068716,1000,1442.771133
2045.7933,1000,1447.379629
2044.980673,1000,1452.02594
2058.7552,1000,1456.695894
2023.590784,1000,1461.383321
2028.618977,1000,1466.087842
1960.269307,1000,1470.739843
2034.372456,1000,1475.382729
2026.110944,1000,1479.960883
2017.562894,1000,1484.633633
2025.522848,1000,1489.269661
2029.385288,1000,1493.932048
2012.646294,1000,1498.617596
2006.456945,1000,1503.263143
2018.059723,1000,1507.894729
2055.132061,1000,1512.597497
2034.541257,1000,1517.118663
2008.470212,1000,1521.779194
1984.633452,1000,1526.483032
2071.732434,1000,1531.108682
1994.70172,1000,1535.792811
1953.416914,1000,1540.471205
1984.655489,1000,1545.198824
2039.931302,1000,1549.911337
2011.047129,1000,1554.58405
1968.071247,1000,1559.228374
2036.514434,1000,1563.876551
2023.385762,1000,1568.578986
2051.326185,1000,1573.216636
1989.1142,1000,1577.908577
2011.456659,1000,1582.54927
2029.257334,1000,1587.229371
2063.556037,1000,1591.845244
2025.356756,1000,1596.470242
2020.144999,1000,1601.098389
2030.789535,1000,1605.722455
2060.655877,1000,1610.391741
2067.801521,1000,1615.025397
2016.784857,1000,1619.681783
2047.567074,1000,1624.331998
2022.014724,1000,1628.99125
2029.215267,1000,1633.666673
2048.087976,1000,1638.347863
2010.929322,1000,1643.113121
2032.840484,1000,1647.79414
2023.286249,1000,1652.409372
2011.596867,1000,1657.086453
2030.178365,1000,1661.648345
2064.102543,1000,1666.28741
2042.886772,1000,1670.924796
2040.957388,1000,1675.532234
2063.686323,1000,1680.26201
2030.866892,1000,1684.889729
-2457.825362,1000,1689.603239
-487.29296,1000,1694.314796
-296.472841,1000,1699.022074
-231.265305,1000,1703.756417
-1632.658601,1000,1708.418104
-651.816514,1000,1713.136677
-213.663201,1000,1717.906155
-737.149779,1000,1722.516352
-1113.148923,1000,1727.196945
-600.093281,1000,1732.00377
-833.091587,1000,1736.638897
-671.082409,1000,1741.396644
-1773.796054,1000,1746.107445
-919.167906,1000,1750.754598
-1536.372134,1000,1755.52895
-1070.221667,1000,1760.199768
-488.252795,1000,1764.863281
-544.87008,1000,1769.57455
-713.399628,1000,1774.269662
-572.99176,1000,1779.007251
-561.982664,1000,1783.678633
-1974.462241,1000,1788.347345
-1247.568643,1000,1792.985366
-680.933629,1000,1797.746167
-807.880805,1000,1802.392163
-140.923518,1000,1807.055334
-803.483447,1000,1811.734879
-624.826018,1000,1816.55698
1478.04264,1000,1821.205765
910.640261,1000,1825.963429
1435.659494,1000,1830.711961
1600.642298,1000,1835.35654
1963.638536,1000,1840.026749
1872.932331,1000,1844.655454
1805.020588,1000,1849.356349
1836.760229,1000,1854.024139
1955.361073,1000,1858.619754
1944.130611,1000,1863.346726
1940.598084,1000,1868.055151
1993.728612,1000,1872.785478
1976.447487,1000,1877.526349
2014.31598,1000,1882.228651
-1204.283202,1000,1886.926705
1991.693177,1000,1891.593465
1921.591543,1000,1896.288378
2066.97941,1000,1900.949462
1968.824949,1000,1905.59666
2028.496523,1000,1910.281102
2037.691706,1000,1914.928413
1911.794895,1000,1919.581016
1958.27437,1000,1924.222425
1934.371554,1000,1928.848408
1884.154124,1000,1933.5132
1951.291958,1000,1938.179194
2029.894069,1000,1942.973438
1903.409012,1000,1947.636527
2020.291213,1000,1952.305156
2025.108942,1000,1956.998673
1994.252117,1000,1961.665157
2006.018563,1000,1966.238464
2017.334589,1000,1970.907208
1966.966329,1000,1975.756283
2018.977047,1000,1980.361822
1999.7453,1000,1985.029937
1983.869982,1000,1989.66439
1988.152878,1000,1994.323668
1976.931063,1000,1998.976789
1979.89549,1000,2003.672568
2011.259889,1000,2008.320503
1970.374639,1000,2013.046951
1916.501265,1000,2017.662669
2011.627948,1000,2022.294889
2029.220841,1000,2027.018966
2003.978281,1000,2031.640017
2065.680197,1000,2036.277881
1971.453517,1000,2040.944538
2026.088961,1000,2045.616012
2051.9121,1000,2050.212988
1971.344624,1000,2054.789572
2035.555436,1000,2059.449125
1997.386062,1000,2064.084466
2034.001514,1000,2068.742021
1985.75672,1000,2073.407094
2061.721359,1000,2078.126151
1999.199145,1000,2082.787751
1960.673777,1000,2087.412641
2029.734625,1000,2092.194177
2037.762549,1000,2096.848813
2025.344453,1000,2101.466846
2034.389558,1000,2106.224619
2008.699111,1000,2110.909269
2042.421732,1000,2115.566582
1966.500207,1000,2120.174217
2048.205945,1000,2124.844421
1958.616325,1000,2129.522081
2038.997565,1000,2134.126866
2006.514673,1000,2138.791029
2069.750056,1000,2143.47199
2011.422529,1000,2148.130907
2002.775093,1000,2152.829204
2029.079594,1000,2157.522987
2056.049238,1000,2162.157614
1997.974606,1000,2166.793816
2081.596063,1000,2171.443045
2009.132979,1000,2176.074979
2058.899618,1000,2180.706809
2059.005628,1000,2185.338938
2049.208292,1000,2189.996987
2032.885647,1000,2194.605302
2085.836566,1000,2199.27032
2041.248439,1000,2203.890531
2018.4452,1000,2208.528935
2007.999066,1000,2213.157074
2002.714001,1000,2217.820466
1923.790429,1000,2222.441392
2013.689116,1000,2227.114761
2035.835624,1000,2231.721321
1992.404164,1000,2236.410788
2044.372312,1000,2241.067527
-1164.386686,1000,2245.890166
-952.049096,1000,2250.547215
-710.163571,1000,2255.161336
-1128.701904,1000,2259.842487
-902.860544,1000,2264.507218
-1661.665153,1000,2269.185825
-1334.769774,1000,2273.813587
-71.412768,1000,2278.462079
-33.547858,1000,2283.19469
-152.042391,1000,2287.957109
-339.384913,1000,2292.682358
-223.957566,1000,2297.380744
209.230677,1000,2302.004287
-653.114594,1000,2306.647222
1920.264565,1000,2311.256922
1948.110442,1000,2315.864636
1756.349365,1000,2320.493376
1820.576879,1000,2325.126485
1837.238756,1000,2329.846825
2072.888129,1000,2334.493879
2043.242126,1000,2339.149528
2005.779007,1000,2343.73752
2030.619146,1000,2348.278097
2007.057688,1000,2352.908446
1995.745385,1000,2357.532164
1945.564003,1000,2362.085865
2025.004091,1000,2366.764805
2047.183597,1000,2371.396971
2035.964691,1000,2375.999448
2039.947257,1000,2380.62127
2051.344791,1000,2385.250127
2064.122021,1000,2389.920502
2076.958128,1000,2394.524949
2081.757886,1000,2399.179426
2086.739757,1000,2403.732741
2029.583053,1000,2408.356072
2106.592273,1000,2412.993557
2034.826929,1000,2417.684572
2024.50443,1000,2422.271803
2081.392513,1000,2426.93499
2071.023758,1000,2431.565612
2058.608997,1000,2436.166636
2058.341138,1000,2440.84153
2051.116065,1000,2445.49049
2068.485,1000,2450.161632
2006.613335,1000,2454.852052
2045.056368,1000,2459.48617
2078.685549,1000,2464.145865
2045.019445,1000,2468.832484
2055.461038,1000,2473.46653
2075.114434,1000,2478.074301
2047.761224,1000,2482.773309
2039.249015,1000,2487.419495
2032.997118,1000,2492.028672
2103.13684,1000,2496.637128
2042.638433,1000,2501.288424
2045.861243,1000,2505.979706
2109.619605,1000,2510.576372
2065.165786,1000,2515.23713
2089.020767,1000,2519.864159
1965.328147,1000,2524.446025
2089.695201,1000,2529.094594
2083.235319,1000,2533.749042
2076.864415,1000,2538.396729
2060.373107,1000,2543.041038
2086.613789,1000,2547.711023
2064.537855,1000,2552.397743
2091.392399,1000,2557.161523
2060.581085,1000,2561.919296
2044.100898,1000,2566.671945
2099.445045,1000,2571.354134
2043.550996,1000,2576.03153
2080.58254,1000,2580.793341
2038.880014,1000,2585.381544
2033.440219,1000,2590.005206
2052.75184,1000,2594.622306
2071.659438,1000,2599.352063
2030.290373,1000,2604.029058
2074.234452,1000,2608.705718
2059.533843,1000,2613.374671
2069.30222,1000,2617.984646
2060.198808,1000,2622.580051
2097.08407,1000,2627.246413
2076.833988,1000,2631.954502
2090.077243,1000,2636.70558
2049.680358,1000,2641.322798
2042.230971,1000,2646.020736
2039.054837,1000,2650.662346
2004.604281,1000,2655.266654
2065.540461,1000,2659.905311
2043.725393,1000,2664.568103
2065.992379,1000,2669.212007
2047.325622,1000,2673.817796
2076.919307,1000,2678.434783
2052.055309,1000,2683.057133
2063.609765,1000,2687.709632
2065.779643,1000,2692.366052
2099.297343,1000,2696.915736
2086.456521,1000,2701.501778
2081.899259,1000,2706.073693
2073.261207,1000,2710.664137
2040.641015,1000,2715.336794
2112.281637,1000,2719.962741
2105.311809,1000,2724.599524
2107.71557,1000,2729.274974
2095.690421,1000,2733.865601
2076.700785,1000,2738.440777
2068.474952,1000,2743.041216
2101.509514,1000,2747.71058
2050.60479,1000,2752.364192
2051.692215,1000,2757.017832
2091.909862,1000,2761.626165
2049.035079,1000,2766.253684
2098.624969,1000,2770.805717
2074.41152,1000,2775.34939
2078.538637,1000,2780.014604
2098.771777,1000,2784.737719
2056.882068,1000,2789.410452
2057.101842,1000,2793.988909
2105.090241,1000,2798.618456
2096.536815,1000,2803.241238
2094.646061,1000,2807.929087
2105.051541,1000,2812.507356
2101.350857,1000,2817.121387
2117.498882,1000,2821.703348
2074.893041,1000,2826.287554
2094.725091,1000,2830.896328
2066.209897,1000,2835.640688
2103.03725,1000,2840.603466
2104.689659,1000,2845.319715
2084.580442,1000,2849.981599
2064.731384,1000,2854.679745
2020.175402,1000,2859.204383
2076.354379,1000,2863.815396
2081.802208,1000,2868.470877
2093.307721,1000,2873.148513
2084.815415,1000,2877.815484
2081.702896,1000,2882.430389
2093.018555,1000,2887.076723
2087.326368,1000,2891.720393
2071.648667,1000,2896.286846
2032.577822,1000,2900.932212
2053.23647,1000,2905.557507
2019.328202,1000,2910.261845
2072.264052,1000,2914.873926
2089.986154,1000,2919.495834
2090.030559,1000,2924.232346
2056.696576,1000,2928.893425
2098.470865,1000,2933.490474
2093.249074,1000,2938.099166
2085.282074,1000,2942.723476
2072.795931,1000,2947.418502
2071.527213,1000,2952.091956
2093.647787,1000,2956.745742
2095.45864,1000,2961.404653
2082.114025,1000,2965.984351
2074.215135,1000,2970.583141
2014.79925,1000,2975.190567
2069.189106,1000,2979.794276
2078.678238,1000,2984.453355
2040.482304,1000,2989.033113
2057.509855,1000,2993.756967
2076.667934,1000,2998.336345
2086.983761,1000,3002.932641
2098.536838,1000,3007.493841
2102.642632,1000,3012.064274
2083.473253,1000,3016.963665
2006.29035,1000,3021.568938
2036.656448,1000,3026.188666
2052.567606,1000,3031.003788
2035.123342,1000,3035.656918
2059.324002,1000,3040.418586
2048.484036,1000,3045.082794
2051.562912,1000,3049.736725
2035.176325,1000,3054.322132
2073.909102,1000,3059.138557
2085.06085,1000,3063.887564
2077.283055,1000,3068.605835
2076.784685,1000,3073.232802
2030.524342,1000,3077.900664
2045.942486,1000,3082.531566
2080.504961,1000,3087.210077
2101.396912,1000,3091.882087
2080.286768,1000,3096.540454
2052.511058,1000,3101.101283
2058.568958,1000,3106.006358
2013.034378,1000,3110.683138
2051.245898,1000,3115.2407
2064.225638,1000,3119.782563
2059.671737,1000,3124.451033
2106.014193,1000,3129.107021
2076.094672,1000,3133.750401
1975.488927,1000,3138.478311
2076.728616,1000,3143.180537
2048.518405,1000,3147.926598
1995.946604,1000,3152.473472
2012.35001,1000,3157.076616
2036.236507,1000,3161.710301
2032.696148,1000,3166.348526
2078.432213,1000,3170.99806
2096.984429,1000,3175.6475
2074.640662,1000,3180.327905
2023.7202,1000,3184.950237
2075.369365,1000,3189.599245
2048.385957,1000,3194.232729
2093.517664,1000,3198.9425
2045.289495,1000,3203.531356
2064.644463,1000,3208.188177
2061.859451,1000,3212.753568
2099.558735,1000,3217.374627
2061.942281,1000,3222.016822
2096.120449,1000,3226.698424
2102.996091,1000,3231.32701
2069.466312,1000,3235.97765
2052.221791,1000,3240.726441
2093.983146,1000,3245.406467
2105.891088,1000,3250.049079
2093.183774,1000,3254.729954
2094.421788,1000,3259.386087
2107.121242,1000,3264.010643
2106.436498,1000,3268.619684
2050.374253,1000,3273.291694
2090.831602,1000,3277.959302
2144.889283,1000,3282.568002
2101.525914,1000,3287.203804
2113.464194,1000,3291.906588
2108.211869,1000,3296.581069
-1006.915159,1000,3301.294603
2090.308806,1000,3305.97083
-932.383387,1000,3310.695561
-1195.295082,1000,3315.466555
-805.06084,1000,3320.096935
-1123.729885,1000,3324.688251
-72.819247,1000,3329.390213
-23.412196,1000,3334.133234
-778.414956,1000,3338.80837
-1899.541749,1000,3343.487996
-1069.785796,1000,3348.191466
-2288.707252,1000,3352.908016
-2314.164173,1000,3357.628464
-971.304442,1000,3362.48916
-578.302017,1000,3367.297927
-945.392343,1000,3372.018876
-806.822545,1000,3376.726458
2014.418331,1000,3381.361372
1808.549511,1000,3386.042844
1933.828532,1000,3390.711111
1934.085926,1000,3395.400769
2075.643223,1000,3400.089
2098.378897,1000,3404.734727
2107.706661,1000,3409.410969
2085.967038,1000,3414.063454
2092.658162,1000,3418.737894
2114.520838,1000,3423.409179
2063.257971,1000,3428.10283
2102.436351,1000,3432.725857
2078.12943,1000,3437.32451
2094.06704,1000,3441.983708
2079.228858,1000,3446.641493
2112.678146,1000,3451.339506
2093.544066,1000,3456.006224
2096.895397,1000,3460.761118
2042.616865,1000,3465.447304
2055.279069,1000,3470.150874
2092.118199,1000,3474.873268
2097.159882,1000,3479.545784
2069.692628,1000,3484.262975
2094.734843,1000,3488.976887
2120.764292,1000,3493.702487
2108.849467,1000,3498.337825
2112.321009,1000,3503.060906
2120.90948,1000,3507.80133
2045.05381,1000,3512.505692
2100.640558,1000,3517.223045
2072.062298,1000,3521.925192
2090.552469,1000,3526.663108
2089.01935,1000,3531.399808
2092.528282,1000,3536.071467
2082.981639,1000,3540.751342
2075.106267,1000,3545.396803
1988.799194,1000,3550.043755
2088.643262,1000,3554.845196
2044.087458,1000,3559.450316
2070.67377,1000,3564.05383
2087.315679,1000,3568.756134
2060.457349,1000,3573.484442
2020.760778,1000,3578.209359
2068.556011,1000,3582.965446
2096.372981,1000,3587.725316
2082.343337,1000,3592.356208
2064.509563,1000,3597.051842
2033.892795,1000,3601.712244
2011.582304,1000,3606.457144
2044.105267,1000,3611.098258
2078.741287,1000,3615.772582
2096.794544,1000,3620.320863
2077.629234,1000,3624.976959
2093.746265,1000,3629.707699
2090.902942,1000,3634.378321
2102.130847,1000,3638.961721
2119.394003,1000,3643.586677
2110.741752,1000,3648.256074
2125.880199,1000,3652.982368
2087.233457,1000,3657.685293
2085.908136,1000,3662.358732
2069.677473,1000,3667.009364
2089.975843,1000,3671.644552
2119.93851,1000,3676.314765
2074.496877,1000,3681.008262
2106.947923,1000,3685.662376
2107.629151,1000,3690.354625
2121.541001,1000,3695.006007
2124.982691,1000,3699.680165
2097.820912,1000,3704.321791
2120.386668,1000,3708.83123
2107.029986,1000,3713.455713
2105.874047,1000,3718.095634
2092.054836,1000,3722.734067
2073.392359,1000,3727.490622
2101.832741,1000,3732.117591
2122.022525,1000,3736.750928
2099.275768,1000,3741.435903
2124.583711,1000,3746.374912
2096.591887,1000,3751.170754
2108.05518,1000,3755.744018
2117.382868,1000,3760.32742
2126.559318,1000,3764.978595
2083.380733,1000,3769.665079
2089.413986,1000,3774.362428
2098.300957,1000,3779.000632
2106.630837,1000,3783.793938
2019.256211,1000,3788.675469
2129.578999,1000,3793.663621
2129.877781,1000,3798.783803
2097.372205,1000,3803.968124
2075.149879,1000,3808.759369
2132.806413,1000,3813.536591
2098.95447,1000,3818.293496
2128.224717,1000,3823.229259
2101.84988,1000,3827.944949
2058.767088,1000,3832.689915
2093.187755,1000,3837.603912
2101.462611,1000,3842.50531
2092.557169,1000,3847.456442
2084.925564,1000,3852.644822
2085.289781,1000,3857.555627
2073.679787,1000,3862.416529
2120.500189,1000,3867.217034
2114.810746,1000,3872.052271
2103.205085,1000,3876.825083
2134.199322,1000,3881.606617
2104.718058,1000,3886.573505
2110.814543,1000,3891.259466
2103.164088,1000,3896.037123
2104.170124,1000,3900.812356
2105.024965,1000,3905.558188
2070.074138,1000,3910.357424
2116.898386,1000,3915.139362
2096.472892,1000,3919.920027
1791.881135,1000,3924.865048
2083.337589,1000,3929.646931
2094.448563,1000,3934.46382
2104.155649,1000,3939.181918
2062.70182,1000,3943.965716
2091.534018,1000,3948.743056
2096.928336,1000,3953.536999
2110.414288,1000,3958.35393
2084.361729,1000,3963.044259
2078.850866,1000,3967.745301
2077.195309,1000,3972.458576
1941.774183,1000,3977.262366
2030.725296,1000,3981.957591
2075.509527,1000,3986.67738
2124.185517,1000,3991.396621
2129.209527,1000,3996.080597
2097.637008,1000,4000.73489
2102.296943,1000,4005.486409
2099.771849,1000,4010.162585
2074.553915,1000,4014.939558
2109.597229,1000,4019.648717
2122.674975,1000,4024.311657
2073.31405,1000,4029.080567
2101.056512,1000,4033.814406
2112.616957,1000,4038.535736
2095.807209,1000,4043.17556
2076.870954,1000,4047.813097
2083.576165,1000,4052.458433
2092.602215,1000,4057.11005
2086.473594,1000,4061.758631
2098.586192,1000,4066.463954
2117.194241,1000,4071.091875
1973.176329,1000,4075.831679
2096.749972,1000,4080.609624
2089.377591,1000,4085.247509
2094.238473,1000,4090.010663
2051.352581,1000,4094.680419
2053.119843,1000,4099.590774
2057.222775,1000,4104.250784
2066.774783,1000,4108.839643
2099.693219,1000,4113.549369
2100.470414,1000,4118.215194
1983.111774,1000,4122.857995
2088.583197,1000,4127.626587
2110.426019,1000,4132.287392
2097.710658,1000,4136.922918
2080.384481,1000,4141.601704
2116.895937,1000,4146.325353
2086.926428,1000,4150.968289
2098.429168,1000,4155.630427
2127.117091,1000,4160.246059
2113.077775,1000,4164.873007
2118.334741,1000,4169.48499
1984.266322,1000,4174.101377
2091.359184,1000,4179.008956
2082.528135,1000,4183.671376
2087.116052,1000,4188.411851
2131.700394,1000,4193.105744
2074.185418,1000,4197.910962
2094.435304,1000,4202.677261
2071.418154,1000,4207.416041
2116.180802,1000,4212.111535
2128.689417,1000,4216.813272
2118.210923,1000,4221.569161
2117.162081,1000,4226.253939
2128.768586,1000,4230.965943
2066.88078,1000,4235.67146
2101.861486,1000,4240.293911
2123.908682,1000,4245.005995
2150.934432,1000,4249.714547
2115.674525,1000,4254.481792
2132.219692,1000,4259.241084
2058.014675,1000,4263.82624
2101.425962,1000,4268.449296
2095.024814,1000,4273.096889
2121.60224,1000,4277.832317
2089.732618,1000,4282.449771
2079.743526,1000,4287.070243
2083.433762,1000,4291.705915
2088.657015,1000,4296.430283
2114.701621,1000,4301.203583
2111.402165,1000,4306.092682
2099.02259,1000,4310.931058
2135.482776,1000,4315.69486
2146.765275,1000,4320.380605
2132.684994,1000,4325.139114
2100.266666,1000,4329.769208
2091.819086,1000,4334.473163
2094.270627,1000,4339.179256
2044.12967,1000,4343.841799
2090.593499,1000,4348.515323
2017.800356,1000,4353.180244
2077.045857,1000,4357.894429
2084.048895,1000,4362.639931
2051.945388,1000,4367.340082
2039.556088,1000,4371.967377
2066.905062,1000,4376.642129
2109.09656,1000,4381.259971
2081.499044,1000,4385.932663
2079.364783,1000,4390.665276
2092.209316,1000,4395.387995
2074.780264,1000,4400.045807
2091.322715,1000,4404.681857
2081.59884,1000,4409.310735
2005.349657,1000,4413.986885
2108.163157,1000,4418.65727
2076.240396,1000,4423.299543
1985.183843,1000,4427.952742
2063.535788,1000,4432.562628
2022.111981,1000,4437.327841
2109.973705,1000,4442.04676
2043.175632,1000,4446.681694
1882.338095,1000,4451.306281
2034.975318,1000,4456.017763
2089.208433,1000,4460.719765
2114.317115,1000,4465.385436
2048.166323,1000,4470.076971
2097.729912,1000,4474.872961
2086.852041,1000,4479.551584
2096.353448,1000,4484.15559
2071.764065,1000,4488.799758
2072.691189,1000,4493.458606
2072.522992,1000,4498.203046
2117.914037,1000,4502.835952
2136.56567,1000,4507.680766
2098.018677,1000,4512.542136
2105.098253,1000,4517.221935
2109.582744,1000,4521.903701
2126.433816,1000,4526.651094
2106.025901,1000,4531.468713
2132.293224,1000,4536.335294
2105.392738,1000,4541.296229
2081.782276,1000,4545.981122
2091.823428,1000,4550.673143
2145.681589,1000,4555.461732
2090.1228,1000,4560.143411
2114.115409,1000,4564.882186
2100.363721,1000,4569.682356
2054.857947,1000,4574.360382
2076.139905,1000,4579.040235
2121.250092,1000,4583.786249
2094.993111,1000,4588.433041
2136.420483,1000,4593.020912
-909.630176,1000,4597.645901
-893.665561,1000,4602.234939
-929.304022,1000,4606.881603
-906.977339,1000,4611.502284
-86.88382,1000,4616.142556
-152.443308,1000,4620.830596
221.415759,1000,4625.555883
11.977372,1000,4630.262522
1945.386375,1000,4634.900185
1901.324406,1000,4639.502876
1873.759306,1000,4644.123016
2043.968467,1000,4648.812717
2075.484363,1000,4653.455086
2047.214,1000,4658.132785
2066.254264,1000,4662.830343
2089.602547,1000,4667.492837
2102.423684,1000,4672.156549
2015.978694,1000,4676.876013
2088.643336,1000,4681.544066
2091.563267,1000,4686.155738
2082.370825,1000,4690.728466
2104.177681,1000,4695.437994
2135.352088,1000,4700.048905
2078.84535,1000,4704.677449
2103.070514,1000,4709.342752
2080.998444,1000,4713.994672
2054.939167,1000,4718.664726
1985.495676,1000,4723.344722
2072.089801,1000,4727.990686
2052.540764,1000,4732.7708
2101.791233,1000,4737.380933
2093.747259,1000,4742.086652
2060.345693,1000,4746.75304
1990.259455,1000,4751.358807
2076.399059,1000,4756.013144
2035.117051,1000,4760.670149
2056.098365,1000,4765.298525
2103.703486,1000,4769.927246
2096.266754,1000,4774.553805
2081.640601,1000,4779.321426
2053.815616,1000,4784.147362
2069.889875,1000,4788.863797
2072.798204,1000,4793.537418
2103.155347,1000,4798.25789
2117.429145,1000,4802.942507
2091.426524,1000,4807.674722
2108.938535,1000,4812.43398
2106.86033,1000,4817.122903
2070.733163,1000,4821.793855
2097.629604,1000,4826.519387
2099.710697,1000,4831.296745
2116.277664,1000,4836.285947
2114.385175,1000,4840.954716
2109.308624,1000,4845.636346
2103.314387,1000,4850.348422
2122.897651,1000,4854.977036
2081.793076,1000,4859.701677
2106.080928,1000,4864.417468
2074.931799,1000,4869.178291
2103.558537,1000,4873.814673
2094.501149,1000,4878.386497
2124.755292,1000,4883.100138
2129.216718,1000,4887.754974
2089.393408,1000,4892.458988
2113.50948,1000,4897.090873
2093.934557,1000,4901.793502
2108.938769,1000,4906.417006
2131.869199,1000,4911.149382
2132.185756,1000,4915.81414
2102.054433,1000,4920.551262
2089.894481,1000,4925.15887
2119.37367,1000,4929.793353
2117.23783,1000,4934.386723
2141.69313,1000,4939.021313
2120.407524,1000,4943.665748
2092.028751,1000,4948.204629
2084.318434,1000,4952.855015
2130.945107,1000,4957.5277
2124.07086,1000,4962.16866
2120.253475,1000,4966.825799
2116.309309,1000,4971.509
2106.52555,1000,4976.143674
2103.898014,1000,4980.740951
2143.912794,1000,4985.327952
2091.438873,1000,4989.992891
2115.666266,1000,4994.752162
2113.07585,1000,4999.382263
2115.485775,1000,5004.044927
2128.981483,1000,5008.639208
2123.711589,1000,5013.322363
2143.323389,1000,5017.895607
2131.709646,1000,5022.513035
2109.672684,1000,5027.169737
2111.837875,1000,5031.975219
2113.802073,1000,5037.227569
2120.594414,1000,5042.165739
2067.049386,1000,5046.983823
2136.012882,1000,5051.783397
2117.354362,1000,5056.489383
2131.311267,1000,5061.307105
2126.556415,1000,5066.173792
2122.201978,1000,5070.951307
2150.550806,1000,5075.741671
2111.226618,1000,5080.438335
2082.013845,1000,5085.148719
2139.781551,1000,5089.878362
2124.148685,1000,5094.547348
2109.856819,1000,5099.273843
2100.99577,1000,5103.961191
1951.510934,1000,5108.694247
2009.660999,1000,5113.430664
-1031.662487,1000,5118.253747
-1078.127692,1000,5122.91145
-670.080134,1000,5127.686994
88.073741,1000,5132.433403
-95.732749,1000,5137.158369
302.405702,1000,5141.982537
1030.365995,1000,5146.701178
-67.303302,1000,5151.341198
255.216998,1000,5156.022138
1382.239067,1000,5160.650482
1785.675663,1000,5165.429829
1920.027611,1000,5170.169883
1973.765908,1000,5174.801893
1942.203956,1000,5179.478372
2053.809727,1000,5184.121465
2118.06618,1000,5188.78449
2079.1082,1000,5193.386194
2085.372098,1000,5197.991595
2094.941314,1000,5202.880051
2058.561806,1000,5207.752594
1996.561874,1000,5212.574303
2007.675638,1000,5217.297914
2100.426028,1000,5221.960523
2072.372479,1000,5226.564629
2046.99993,1000,5231.280063
2051.597161,1000,5235.897627
2059.273754,1000,5240.540356
2127.867971,1000,5245.194774
2118.205341,1000,5249.789638
2076.919895,1000,5254.450617
2110.68132,1000,5259.061235
2091.720303,1000,5263.6738
2094.858278,1000,5268.298688
2085.531565,1000,5272.955351
2046.97821,1000,5277.590283
2082.319925,1000,5282.301868
2034.579467,1000,5286.971009
2096.564457,1000,5291.562476
2093.564979,1000,5296.366609
1985.747918,1000,5301.026786
2097.057381,1000,5305.76953
2075.57368,1000,5310.43617
2154.249799,1000,5315.109367
2084.29692,1000,5319.803289
2085.491468,1000,5324.430405
2105.468867,1000,5329.034877
2112.30641,1000,5333.738056
2067.323722,1000,5338.503677
2088.457737,1000,5343.173582
2105.620684,1000,5347.795779
2105.420336,1000,5352.326107
2106.689907,1000,5356.996465
2064.183573,1000,5361.558601
2091.203486,1000,5366.26444
2079.32654,1000,5370.89006
2102.95463,1000,5375.558215
2142.232271,1000,5380.271536
2079.074498,1000,5384.933198
2093.795243,1000,5389.673784
2056.344922,1000,5394.258647
2098.164103,1000,5398.92214
2119.233249,1000,5403.498468
2112.820597,1000,5408.1399
2130.607819,1000,5412.87714
2077.731216,1000,5417.553014
2107.790019,1000,5422.190766
2117.566883,1000,5426.833357
2132.319625,1000,5431.488706
2106.476814,1000,5436.027639
2124.395495,1000,5440.654154
2076.845913,1000,5445.276202
2099.720537,1000,5449.873981
2137.634894,1000,5454.422128
2123.413469,1000,5459.088732
2109.97884,1000,5463.691361
2132.681237,1000,5468.353136
2086.527865,1000,5473.047318
2071.231727,1000,5477.652046
2114.65747,1000,5482.254239
2036.740638,1000,5486.897897
2148.714655,1000,5491.544774
2107.377183,1000,5496.127335
2145.071441,1000,5500.801116
2141.168318,1000,5505.457456
2115.940522,1000,5510.094898
2044.665235,1000,5514.722789
2140.125453,1000,5519.387179
2150.125569,1000,5524.03266
2029.555304,1000,5528.65693
2110.957495,1000,5533.315852
2107.982879,1000,5538.103433
1988.979796,1000,5542.815733
2040.806932,1000,5547.455439
2097.573226,1000,5552.137651
2113.682521,1000,5556.771575
2119.515859,1000,5561.454325
2070.877536,1000,5566.102756
2104.907205,1000,5570.733217
2120.486827,1000,5575.371638
2135.024241,1000,5580.038388
2120.74157,1000,5584.642774
2124.008269,1000,5589.26213
2110.182048,1000,5593.9687
2135.177049,1000,5598.630474
2124.626303,1000,5603.244153
2123.249614,1000,5607.904943
2131.181924,1000,5612.6335
2146.246223,1000,5617.247723
2137.290435,1000,5621.850936
2091.80082,1000,5626.482934
2115.908323,1000,5631.190325
2149.188055,1000,5635.847245
2128.681288,1000,5640.461121
2119.804632,1000,5645.14439
2147.65773,1000,5649.795127
2095.339717,1000,5654.457524
2135.615292,1000,5659.096931
2095.782424,1000,5663.728242
2136.617233,1000,5668.404665
2131.427488,1000,5673.022686
2161.520189,1000,5677.646917
2110.859694,1000,5682.307315
2138.323725,1000,5686.998256
2149.87182,1000,5691.702156
2135.973692,1000,5696.292663
2136.722658,1000,5700.883432
2137.151439,1000,5705.55447
2116.696928,1000,5710.193791
2134.813238,1000,5714.860096
2044.791643,1000,5719.510197
2120.879217,1000,5724.108843
2114.427715,1000,5728.709091
2120.6877,1000,5733.332329
2103.49725,1000,5737.971853
2142.441131,1000,5742.564918
2140.456461,1000,5747.191683
2110.120092,1000,5751.78777
2130.079267,1000,5756.375678
2142.025518,1000,5761.035043
2012.81676,1000,5765.810383
2121.4676,1000,5770.364066
2134.590009,1000,5774.993848
2136.612813,1000,5779.65603
2127.668735,1000,5784.248898
2134.807699,1000,5788.793038
2136.571525,1000,5793.395115
2104.214169,1000,5798.031037
2145.691815,1000,5802.712242
2072.65839,1000,5807.527118
2145.503846,1000,5812.148705
2114.954872,1000,5816.780007
2117.107878,1000,5821.445108
2123.436629,1000,5826.038449
2096.855617,1000,5830.720088
2146.607925,1000,5835.354757
2129.182179,1000,5840.061496
2126.298751,1000,5844.69645
2146.612558,1000,5849.307102
2095.091303,1000,5853.921371
2127.50136,1000,5858.524867
2126.996474,1000,5863.071877
2160.667445,1000,5867.704093
2134.097008,1000,5872.298924
2113.629697,1000,5876.928871
2151.894347,1000,5881.579531
2128.041903,1000,5886.216095
2092.384583,1000,5890.825239
2116.012265,1000,5895.474721
2160.495152,1000,5900.275841
2156.405139,1000,5904.927213
2111.906893,1000,5909.571603
2131.7281,1000,5914.198469
1925.039737,1000,5918.813011
2138.105573,1000,5923.541339
2127.766667,1000,5928.297093
2121.566397,1000,5933.090285
2131.758306,1000,5937.726844
2106.555689,1000,5942.227097
2087.622336,1000,5946.87905
2073.139195,1000,5951.432805
2149.292463,1000,5956.007639
2131.334339,1000,5960.539343
2153.361809,1000,5965.187344
2140.063061,1000,5969.779673
2067.909868,1000,5974.35347
2120.759318,1000,5978.918216
2122.405918,1000,5983.574225
2113.994393,1000,5988.209192
2094.63173,1000,5992.817377
2162.307624,1000,5997.390867
2108.896479,1000,6002.008294
2110.766537,1000,6006.659765
2078.489977,1000,6011.392146
2125.207296,1000,6016.036902
2093.845255,1000,6020.716275
2115.475587,1000,6025.714463
2160.531431,1000,6030.349056
2132.11521,1000,6034.910474
2141.977437,1000,6039.570744
2125.16851,1000,6044.187515
2137.868224,1000,6048.788394
2113.639813,1000,6053.398352
2103.154109,1000,6058.076523
2118.657468,1000,6062.709586
2100.471063,1000,6067.368018
2135.772921,1000,6071.978404
2115.327282,1000,6076.700131
2096.905643,1000,6081.402147
2133.396803,1000,6086.044651
2144.384039,1000,6090.647
2078.25583,1000,6095.256402
2107.119669,1000,6099.920029
2150.58972,1000,6104.505816
2134.723167,1000,6109.246423
2148.23077,1000,6113.860292
2121.198077,1000,6118.48595
2103.076091,1000,6123.165621
2113.917186,1000,6127.828785
2129.801788,1000,6132.446563
2107.287357,1000,6137.086721
2131.896003,1000,6141.717255
2102.072157,1000,6146.365347
2138.141546,1000,6151.026021
2111.612876,1000,6155.664134
2163.893136,1000,6160.289639
2125.980269,1000,6164.868773
2156.984683,1000,6169.495654
2153.441337,1000,6174.101628
2120.865469,1000,6178.738416
2112.096737,1000,6183.515549
2098.076916,1000,6188.147071
2125.507777,1000,6192.822913
2104.80255,1000,6197.439862
2135.347259,1000,6202.068128
2082.30237,1000,6206.713624
2134.071314,1000,6211.297812
2142.668664,1000,6215.947185
2120.030312,1000,6220.546096
2104.816046,1000,6225.183363
2097.319724,1000,6229.807792
2127.17309,1000,6234.452118
2134.195322,1000,6239.14694
2120.684718,1000,6243.896506
2130.159643,1000,6248.524831
2139.412793,1000,6253.151638
2110.938966,1000,6257.857372
2084.755735,1000,6262.446849
2097.696339,1000,6267.115083
2182.778607,1000,6271.792704
2140.966608,1000,6276.440395
2167.560989,1000,6281.089035
2158.460611,1000,6285.719897
2137.774696,1000,6290.325757
2156.171585,1000,6295.027357
2168.628967,1000,6300.097344
2176.628603,1000,6304.743035
2086.147679,1000,6309.345611
2123.761943,1000,6314.002602
2141.73752,1000,6318.661444
2119.566687,1000,6323.293365
2132.158688,1000,6327.859447
2161.219081,1000,6332.455099
2108.998151,1000,6336.986023
2134.070649,1000,6341.635017
2128.521487,1000,6346.174431
2045.349222,1000,6350.712632
2154.783971,1000,6355.350592
2171.602503,1000,6359.999246
2133.965775,1000,6364.69617
2119.13996,1000,6369.423685
2172.674329,1000,6374.152425
2149.680608,1000,6378.748404
2120.277693,1000,6383.348272
2141.150546,1000,6388.097012
2127.169835,1000,6392.705867
2147.575297,1000,6397.307478
2102.440456,1000,6401.860512
2114.814447,1000,6406.466694
2112.621195,1000,6411.257758
2122.523243,1000,6415.894606
2129.3297,1000,6420.470074
2134.156266,1000,6425.082924
2126.731889,1000,6429.669105
2113.249302,1000,6434.370546
2113.985355,1000,6438.985682
2097.750138,1000,6443.666156
2122.604558,1000,6448.324193
2124.841197,1000,6453.026352
2109.802291,1000,6457.70399
2113.727522,1000,6462.327104
2108.274171,1000,6466.961383
2130.368724,1000,6471.668752
2114.989143,1000,6476.335326
2123.717877,1000,6480.948914
2125.287162,1000,6485.634287
2116.307612,1000,6490.324875
2145.627413,1000,6494.923403
2114.66178,1000,6499.559514
2140.175884,1000,6504.217468
2113.415704,1000,6508.846717
2126.584283,1000,6513.550977
2144.429283,1000,6518.185499
2083.873245,1000,6522.802157
2013.702227,1000,6527.381239
2097.778722,1000,6531.951262
2080.795479,1000,6536.617054
2150.390181,1000,6541.235828
2122.604302,1000,6545.841829
2105.090506,1000,6550.441146
2137.507634,1000,6555.045202
2116.213043,1000,6559.687135
2133.154885,1000,6564.309098
2138.500638,1000,6568.911233
2102.259291,1000,6573.500298
2132.868543,1000,6578.117639
2110.578297,1000,6582.771509
2098.512622,1000,6587.387701
2095.585747,1000,6591.973189
2149.358678,1000,6596.659725
2135.080454,1000,6601.312579
2126.472905,1000,6605.929336
2094.215687,1000,6610.594962
2107.488301,1000,6615.20965
2135.785488,1000,6619.80938
2134.124094,1000,6624.387985
2143.971721,1000,6629.031192
2128.968332,1000,6633.675573
2138.562094,1000,6638.28879
2138.711987,1000,6642.914859
2193.799944,1000,6647.595821
2146.197714,1000,6652.191073
2079.168087,1000,6656.791331
2132.06248,1000,6661.386234
2099.492972,1000,6666.043891
2131.13846,1000,6670.666052
2103.272873,1000,6675.292668
2103.126523,1000,6679.873001
2110.327215,1000,6684.453793
2157.984529,1000,6689.10657
2132.244212,1000,6693.725557
2140.782639,1000,6698.326886
2158.236838,1000,6702.934398
2157.723216,1000,6707.562745
2108.464126,1000,6712.257344
2181.20623,1000,6716.887152
2146.668061,1000,6721.505188
2134.212031,1000,6726.110831
2111.600552,1000,6730.863504
2135.356775,1000,6735.519136
2137.942363,1000,6740.188403
2130.964792,1000,6744.839087
2120.703871,1000,6749.480484
2152.398975,1000,6754.110392
2137.415375,1000,6758.676834
2132.193802,1000,6763.237881
2098.575561,1000,6767.792854
2118.2872,1000,6772.368591
2073.136428,1000,6777.018531
2134.79849,1000,6781.590955
2112.29217,1000,6786.22325
2149.694254,1000,6790.859627
2103.640928,1000,6795.424646
2162.779759,1000,6800.034174
2072.233436,1000,6804.654489
2158.671647,1000,6809.26447
2140.07104,1000,6813.905583
2130.508836,1000,6818.537801
2117.735947,1000,6823.147436
2131.428861,1000,6827.767777
2131.067174,1000,6832.332392
2133.426448,1000,6836.811976
2141.749626,1000,6841.345456
2052.473062,1000,6845.958417
2135.335683,1000,6850.573775
2120.939515,1000,6855.252869
2135.549887,1000,6859.91251
2131.225055,1000,6864.555916
2149.435114,1000,6869.241688
2112.270979,1000,6873.910805
2090.856474,1000,6878.52651
2164.249539,1000,6883.172944
2162.892633,1000,6887.763031
2117.522417,1000,6892.374506
2112.023726,1000,6897.002656
2143.360509,1000,6901.669733
2124.201416,1000,6906.301325
2140.452786,1000,6910.86359
2087.928795,1000,6915.433419
2125.416434,1000,6920.054654
2078.591186,1000,6924.846524
2176.53777,1000,6929.608763
2135.9914,1000,6934.294811
2118.069884,1000,6938.880602
2140.942393,1000,6943.472468
2113.297472,1000,6948.092179
2141.352192,1000,6952.6783
2123.591395,1000,6957.247346
2126.610923,1000,6961.80601
2032.457438,1000,6966.487191
2114.236879,1000,6971.249869
2128.974841,1000,6975.988933
2111.081204,1000,6980.616517
2153.097896,1000,6985.216787
2108.709153,1000,6989.847398
2116.796328,1000,6994.563073
2145.768818,1000,6999.217815
2160.785788,1000,7003.844624
2148.873156,1000,7008.54372
2118.267042,1000,7013.209646
2116.904615,1000,7017.837236
2106.793943,1000,7022.460223
2175.065783,1000,7027.092795
2150.507708,1000,7031.664011
2139.341684,1000,7036.296722
2140.840899,1000,7040.928206
2143.153853,1000,7045.575121
2141.844179,1000,7050.202736
2157.760983,1000,7054.819277
2137.978214,1000,7059.519891
2118.951829,1000,7064.110447
2147.934581,1000,7068.709573
2157.290539,1000,7073.354209
2154.648622,1000,7078.164788
2059.425763,1000,7082.73402
2170.241599,1000,7087.411787
2090.026767,1000,7092.007445
2152.605429,1000,7096.655852
2114.697978,1000,7101.264784
2144.405486,1000,7105.868734
2142.473816,1000,7110.429326
2124.89322,1000,7114.995356
2137.936897,1000,7119.619024
2141.9367,1000,7124.258953
2158.99247,1000,7128.876395
2089.576952,1000,7133.506539
2166.125849,1000,7138.094291
2164.423264,1000,7142.615813
2151.16954,1000,7147.267796
2103.528037,1000,7151.965107
2162.286907,1000,7156.618674
2114.513781,1000,7161.319823
2104.824046,1000,7165.947879
2140.55707,1000,7170.563596
2107.24192,1000,7175.244572
2019.076372,1000,7179.859607
2153.395704,1000,7184.446239
2130.95997,1000,7189.105003
2153.956818,1000,7193.680109
2141.541261,1000,7198.261588
2100.072767,1000,7202.915816
2055.218746,1000,7207.591207
2157.982322,1000,7212.209429
2119.580034,1000,7217.017791
2151.930972,1000,7221.610264
2084.621031,1000,7226.215821
2137.560047,1000,7230.927679
2145.804303,1000,7235.543365
2146.108806,1000,7240.29564
2125.706802,1000,7244.88047
2115.117872,1000,7249.510978
2089.76952,1000,7254.314407
2084.257159,1000,7258.912778
2156.272719,1000,7263.520818
2156.910808,1000,7268.138283
2173.41438,1000,7272.782675
2141.968647,1000,7277.3752
2075.755171,1000,7282.012189
2119.471416,1000,7286.661876
2140.002221,1000,7291.229454
2136.229424,1000,7295.77683
2147.007138,1000,7300.406403
2135.893451,1000,7305.017287
2161.522888,1000,7309.601264
2157.156982,1000,7314.274495
2168.377499,1000,7318.937343
2139.404178,1000,7323.587255
2168.735099,1000,7328.328026
2155.883788,1000,7332.939753
2167.891399,1000,7337.615844
2151.807422,1000,7342.237219
2118.981454,1000,7346.87209
2176.385513,1000,7351.569939
2168.04137,1000,7356.218627
2159.191749,1000,7360.838386
2153.892153,1000,7365.480103
2111.63876,1000,7370.120536
2139.950326,1000,7374.721182
2145.348942,1000,7379.607966
2144.664957,1000,7384.205972
2147.903194,1000,7389.126528
2165.027075,1000,7393.793558
2175.90167,1000,7398.397436
2164.810242,1000,7403.066006
2163.008743,1000,7407.797716
2105.896927,1000,7412.476718
2163.648321,1000,7417.069172
2143.49888,1000,7421.733562
2134.078401,1000,7426.418123
2122.018254,1000,7431.173551
2156.581481,1000,7435.862561
2117.372564,1000,7440.504628
1963.48574,1000,7445.233216
2152.229447,1000,7449.884091
2142.960593,1000,7454.549908
2136.704741,1000,7459.221483
2135.464247,1000,7463.83521
2129.531179,1000,7468.414228
2151.890934,1000,7472.981269
2140.135953,1000,7477.661719
2128.274098,1000,7482.26901
2174.360225,1000,7486.936918
2127.171471,1000,7491.563434
2125.197314,1000,7496.191904
2144.281807,1000,7500.94301
2075.956105,1000,7505.558623
2141.041911,1000,7510.219211
2149.804784,1000,7514.838729
2167.896686,1000,7519.425234
2128.541707,1000,7523.98682
2120.003276,1000,7528.578061
2142.544668,1000,7533.200326
2149.370464,1000,7537.801023
2069.975777,1000,7542.498387
2117.996497,1000,7547.109913
2128.291981,1000,7551.713602
2180.28712,1000,7556.525857
2163.697431,1000,7561.121059
2138.983769,1000,7565.703688
2123.430799,1000,7570.32666
2153.726007,1000,7574.974436
2109.62889,1000,7579.551725
2178.648812,1000,7584.157735
2167.357157,1000,7588.845628
2119.61803,1000,7593.503597
2173.732891,1000,7598.129385
2145.395743,1000,7602.786002
2114.803608,1000,7607.434061
2166.776074,1000,7612.125197
2144.40307,1000,7616.739667
2152.902918,1000,7621.38571
2137.191261,1000,7625.963587
2118.333151,1000,7630.580432
2148.651526,1000,7635.230606
2148.272034,1000,7639.912808
2166.795116,1000,7644.558871
2123.167103,1000,7649.17724
2150.452933,1000,7653.76871
2156.340582,1000,7658.326198
2081.626053,1000,7663.018853
2166.601003,1000,7667.649691
2144.062973,1000,7672.466941
2165.115325,1000,7677.106879
2132.785625,1000,7681.718385
2168.616823,1000,7686.35456
2162.983933,1000,7691.036347
2151.765308,1000,7695.678471
2171.325578,1000,7700.27858
2148.983336,1000,7705.00768
2127.727166,1000,7709.66205
2163.758703,1000,7714.268825
2130.842039,1000,7718.898689
2166.912135,1000,7723.507478
2175.489179,1000,7728.171695
2162.742238,1000,7732.784762
2160.321767,1000,7737.511035
2175.273015,1000,7742.172283
2181.052242,1000,7746.827844
2157.169068,1000,7751.505458
2131.168461,1000,7756.151063
2138.264751,1000,7760.75751
2166.553118,1000,7765.381144
2119.764442,1000,7769.963824
2137.835883,1000,7774.45791
2170.674867,1000,7779.068766
2160.005362,1000,7783.692999
2166.208882,1000,7788.303766
2164.683995,1000,7792.921898
2121.229748,1000,7797.514209
2141.185022,1000,7802.072586
2164.079692,1000,7806.6012
2162.292252,1000,7811.326029
2164.752971,1000,7815.937172
2150.036907,1000,7820.531944
2160.049492,1000,7825.160876
2161.733106,1000,7829.716277
2159.338243,1000,7834.336187
2133.737749,1000,7838.944609
2179.658483,1000,7843.556131
2169.325325,1000,7848.333779
2175.442891,1000,7853.091043
2139.72168,1000,7857.698092
2127.993076,1000,7862.301033
2112.677962,1000,7866.900092
2170.35637,1000,7871.495538
2161.482039,1000,7876.136528
2176.620266,1000,7880.806668
2153.144862,1000,7885.437955
2157.235841,1000,7890.023927
2120.438849,1000,7894.696485
2141.611576,1000,7899.323009
2145.898172,1000,7904.013678
2139.733484,1000,7908.655077
2158.452524,1000,7913.258069
2145.510461,1000,7917.901076
2159.57283,1000,7922.650888
2165.428824,1000,7927.267799
2148.101883,1000,7931.899412
2157.054876,1000,7936.576758
2150.528946,1000,7941.243311
2170.075198,1000,7945.817566
2144.401461,1000,7950.408971
2145.916721,1000,7955.193579
2097.291285,1000,7959.975257
2115.258181,1000,7964.624218
2154.718845,1000,7969.258476
2152.086094,1000,7973.834487
2153.092376,1000,7978.426526
2154.849584,1000,7983.034128
2162.075701,1000,7987.668788
2129.957799,1000,7992.31789
2141.6086,1000,7996.926633
2108.48621,1000,8001.67104
2076.170539,1000,8006.310022
2175.265325,1000,8010.942837
2173.890168,1000,8015.610705
2177.834657,1000,8020.226532
2152.56479,1000,8024.857778
2133.152557,1000,8029.488876
2178.053131,1000,8034.165648
2163.817361,1000,8038.779319
2125.297814,1000,8043.409887
2153.278368,1000,8048.034175
2118.076687,1000,8052.658408
2148.591431,1000,8057.350257
2159.416042,1000,8061.991796
2158.621535,1000,8066.627666
2157.163043,1000,8071.214881
2139.748734,1000,8075.860341
2125.587853,1000,8080.5268
2173.414323,1000,8085.187428
2177.555674,1000,8089.856173
2141.370062,1000,8094.383228
2159.344018,1000,8099.122158
2141.431589,1000,8103.766867
2160.636318,1000,8108.411783
2166.861244,1000,8112.977168
2095.449877,1000,8117.643603
2172.907528,1000,8122.320487
2179.897702,1000,8126.963576
2158.999134,1000,8131.582733
2146.530666,1000,8136.210991
2152.19996,1000,8140.927285
2128.330863,1000,8145.652111
2129.846245,1000,8150.30196
2129.485184,1000,8154.969792
2173.690697,1000,8159.610918
2146.1834,1000,8164.17701
2149.813085,1000,8168.77812
2179.734541,1000,8173.633686
2144.786227,1000,8178.296057
2107.771649,1000,8182.909619
2136.138614,1000,8187.594434
2114.980144,1000,8192.257354
2142.033354,1000,8196.839919
2179.772452,1000,8201.532783
2122.606211,1000,8206.20096
2146.481742,1000,8210.909859
2158.206437,1000,8215.491562
2146.526046,1000,8220.121113
2130.113959,1000,8224.777373
2131.525989,1000,8229.404806
2141.83711,1000,8233.966888
2149.396844,1000,8238.701356
2143.805211,1000,8243.392409
2134.377244,1000,8248.067227
2139.740776,1000,8252.712759
2172.434301,1000,8257.328612
2135.652928,1000,8261.920112
2154.324472,1000,8266.569828
2150.28989,1000,8271.222282
2176.517302,1000,8275.852687
2162.846788,1000,8280.564911
2158.598598,1000,8285.178329
2174.323999,1000,8289.779758
2121.823638,1000,8294.427607
2177.670603,1000,8299.039615
2165.37536,1000,8303.708518
2157.439123,1000,8308.311246
2173.31927,1000,8312.922216
2172.192932,1000,8317.574909
2135.104929,1000,8322.312574
2135.996388,1000,8326.928146
2130.163144,1000,8331.65361
2155.976718,1000,8336.294157
2151.393162,1000,8340.891747
2167.816136,1000,8345.587174
2131.602232,1000,8350.281178
2148.301838,1000,8354.913903
2160.965081,1000,8359.611682
2149.393247,1000,8364.286539
2136.23155,1000,8368.994772
2104.287619,1000,8373.767245
2147.617901,1000,8378.456271
2174.617238,1000,8383.104119
2146.75793,1000,8387.814528
2142.681707,1000,8392.375667
2154.720927,1000,8396.88104
2138.221241,1000,8401.527328
2168.042218,1000,8406.128984
2153.704626,1000,8410.766969
2150.479053,1000,8415.349728
2161.232193,1000,8419.957498
2168.082236,1000,8424.533034
2141.988939,1000,8429.202301
2141.341565,1000,8433.783157
2124.530171,1000,8438.390058
2145.636965,1000,8443.084521
2120.418965,1000,8447.802102
2148.676464,1000,8452.474309
2168.901614,1000,8457.199958
2139.808448,1000,8461.729204
2136.798812,1000,8466.417054
2151.864997,1000,8471.067942
2161.179351,1000,8475.647176
2114.923353,1000,8480.282897
2164.390223,1000,8484.909493
2149.87195,1000,8489.540327
2168.492753,1000,8494.25606
2144.142177,1000,8498.884578
2164.168861,1000,8503.516059
2160.658739,1000,8508.20178
2151.556945,1000,8512.907337
2137.032806,1000,8517.583155
2156.519561,1000,8522.278843
2131.233428,1000,8526.956251
2126.506587,1000,8531.534088
2152.028132,1000,8536.175218
2150.35266,1000,8540.801484
2173.410209,1000,8545.424796
2184.09504,1000,8550.023822
2140.256206,1000,8554.575284
2151.08328,1000,8559.197162
2124.147141,1000,8563.839267
2167.518069,1000,8568.450205
2156.295339,1000,8573.195708
2161.138342,1000,8577.917726
2153.577108,1000,8582.583164
2157.165531,1000,8587.263263
2085.327379,1000,8591.877261
2161.206735,1000,8596.466054
2156.449954,1000,8601.064687
2114.156365,1000,8605.697259
2166.02924,1000,8610.392493
2145.184189,1000,8615.105532
2118.637457,1000,8619.731662
2138.863401,1000,8624.329217
2166.424532,1000,8629.023479
2166.099912,1000,8633.64511
2168.892028,1000,8638.253006
2163.216282,1000,8642.828415
2144.534982,1000,8647.482051
2096.305808,1000,8652.182094
2154.570555,1000,8656.819516
2145.016042,1000,8661.520052
2179.186312,1000,8666.200553
2148.04871,1000,8670.783432
2118.054052,1000,8675.376954
2139.08438,1000,8679.984415
2144.207399,1000,8684.584624
2130.160274,1000,8689.271031
2134.995928,1000,8693.883423
2152.417231,1000,8698.489472
2146.379428,1000,8703.091223
2153.874559,1000,8707.827608
2162.323997,1000,8712.465954
2162.550466,1000,8717.072653
2136.628711,1000,8721.675321
2163.208651,1000,8726.221802
2163.00242,1000,8730.809644
2146.439646,1000,8735.442759
2138.420294,1000,8740.049563
2188.707216,1000,8744.672943
2165.292057,1000,8749.3312
2170.287927,1000,8754.035881
2145.934429,1000,8758.617042
2156.536215,1000,8763.230092
2145.671453,1000,8767.778289
2163.597285,1000,8772.404274
2172.997979,1000,8777.003256
2162.655038,1000,8781.58697
2181.472959,1000,8786.248268
2178.839822,1000,8790.84384
2125.136794,1000,8795.469536
2174.731866,1000,8800.084797
2138.701819,1000,8804.640138
2198.495747,1000,8809.239289
2170.209796,1000,8813.872143
2164.361086,1000,8818.502209
2152.009918,1000,8823.08555
2160.235942,1000,8827.720778
2148.021391,1000,8832.315631
2148.604412,1000,8836.948496
2137.03853,1000,8841.690746
2162.587148,1000,8846.278084
2169.710236,1000,8850.964583
2154.176365,1000,8855.554936
2162.123519,1000,8860.174741
2157.637426,1000,8864.716965
2146.850538,1000,8869.346557
2147.413376,1000,8873.952492
2158.659402,1000,8878.631492
2172.774984,1000,8883.240668
2153.973182,1000,8887.846296
2163.977135,1000,8892.438277
2157.852695,1000,8897.09569
2166.864744,1000,8901.676807
2162.334656,1000,8906.29372
2080.971411,1000,8910.892694
2175.180272,1000,8915.454636
2130.521274,1000,8920.076178
2165.143633,1000,8924.682048
2144.710478,1000,8929.315933
2118.005293,1000,8933.934748
2158.725696,1000,8938.536402
2180.602908,1000,8943.14003
2170.158119,1000,8947.728396
2138.79567,1000,8952.405295
2160.582722,1000,8957.040239
2094.79159,1000,8961.655604
2146.829606,1000,8966.240585
2156.506826,1000,8970.767796
2165.636612,1000,8975.340884
2153.274372,1000,8979.909329
2161.955535,1000,8984.501976
2177.880365,1000,8989.023186
2174.2825,1000,8993.67297
2180.688224,1000,8998.260338
2179.495835,1000,9002.851287
2170.977977,1000,9007.453714
2136.220163,1000,9012.153597
2167.656781,1000,9016.961503
2113.169573,1000,9021.490949
2167.497527,1000,9026.087713
2156.337091,1000,9030.639579
2153.218792,1000,9035.248645
2166.984588,1000,9039.827999
2172.700827,1000,9044.442717
2148.100335,1000,9049.01136
2143.238921,1000,9053.619858
2168.15244,1000,9058.218192
2115.508531,1000,9062.831869
2118.846018,1000,9067.465699
2163.856041,1000,9072.072169
2148.397931,1000,9076.711627
2166.816831,1000,9081.336113
2139.183056,1000,9085.956934
2153.684959,1000,9090.616898
2161.073402,1000,9095.202259
2158.391113,1000,9099.99388
2186.593279,1000,9104.604706
2125.288716,1000,9109.205629
2162.466182,1000,9113.834735
2181.775884,1000,9118.406555
2150.689464,1000,9123.048261
2173.416745,1000,9127.829753
2161.340831,1000,9132.440912
2181.685253,1000,9137.072947
2156.12151,1000,9141.782355
2123.444785,1000,9146.399887
2118.954572,1000,9151.10139
2133.754783,1000,9155.767229
2163.046706,1000,9160.383103
2176.989715,1000,9164.991524
2123.877941,1000,9169.626438
2167.185536,1000,9174.280128
2173.241211,1000,9178.896725
2149.457819,1000,9183.499761
2173.183068,1000,9188.083579
2154.166897,1000,9192.770885
2130.366944,1000,9197.400214
2070.223721,1000,9202.015581
2176.864859,1000,9206.504115
2151.234878,1000,9211.045136
2151.288415,1000,9215.674843
2156.283079,1000,9220.363452
2175.656293,1000,9225.189111
2184.648031,1000,9229.831753
2158.690527,1000,9234.448337
2170.420568,1000,9239.175691
2157.945128,1000,9243.810855
2171.078786,1000,9248.40973
2169.607972,1000,9253.044562
2136.127306,1000,9257.584911
2144.222705,1000,9262.204084
2142.58074,1000,9266.977181
2153.639843,1000,9271.535638
2166.204859,1000,9276.255631
2184.190066,1000,9280.864641
2155.046039,1000,9285.550599
2167.652041,1000,9290.155027
2159.473109,1000,9294.816407
2137.254191,1000,9299.416557
2164.672772,1000,9304.029038
2180.205979,1000,9308.614084
2170.594304,1000,9313.242307
2177.9701,1000,9317.886997
2160.454815,1000,9322.476798
2157.630848,1000,9327.088767
2156.12136,1000,9331.738722
2091.173517,1000,9336.417768
2171.497299,1000,9341.061509
2185.596818,1000,9345.678592
2118.925269,1000,9350.312752
2179.115334,1000,9354.902446
2174.006764,1000,9359.512422
2171.576458,1000,9364.140609
2167.191642,1000,9368.774661
2152.757205,1000,9373.380111
2179.080986,1000,9377.94957
2160.431213,1000,9382.51508
2099.282397,1000,9387.137991
2127.829693,1000,9391.702379
2135.490626,1000,9396.364268
2165.766749,1000,9401.000948
2157.59877,1000,9405.652143
2064.359957,1000,9410.262548
2147.12738,1000,9414.875994
2141.914265,1000,9419.747766
2162.042833,1000,9424.420144
2142.203442,1000,9429.033462
2176.817902,1000,9433.671791
2165.188459,1000,9438.323376
2159.381495,1000,9442.910834
2147.097689,1000,9447.516224
2126.555997,1000,9452.232293
2178.902603,1000,9456.830285
2151.268935,1000,9461.42061
2158.507477,1000,9466.022456
2131.223953,1000,9470.610472
2166.519873,1000,9475.223316
2144.372141,1000,9479.878292
2153.818992,1000,9484.444688
2150.365346,1000,9488.91822
2143.843705,1000,9493.510156
2174.541613,1000,9498.131417
2142.376413,1000,9502.815529
2145.547282,1000,9507.474224
2189.516657,1000,9512.016931
2161.772192,1000,9516.746916
2195.970612,1000,9521.361086
2169.774878,1000,9525.983033
2149.644688,1000,9530.653883
2158.363753,1000,9535.312526
2138.001543,1000,9539.924917
2143.642959,1000,9544.612061
2165.913631,1000,9549.248035
2173.477123,1000,9553.86902
2138.653051,1000,9558.463166
2145.761133,1000,9563.063966
2152.597858,1000,9567.723172
2141.565316,1000,9572.37686
2115.210893,1000,9576.976891
2101.409865,1000,9581.812813
2128.765211,1000,9586.465321
2195.082239,1000,9591.182848
2156.753808,1000,9595.810694
2190.670881,1000,9600.463081
2188.787883,1000,9605.351812
2172.042514,1000,9609.965556
2159.988804,1000,9614.634966
2168.036268,1000,9619.260422
2150.634816,1000,9623.855822
2160.565627,1000,9628.436475
2175.613208,1000,9632.992364
2151.489851,1000,9637.810122
2147.062697,1000,9642.43607
2175.555026,1000,9646.997688
2157.030529,1000,9651.598565
2144.526377,1000,9656.263843
2162.788775,1000,9660.982373
2116.616052,1000,9665.61659
2149.336508,1000,9670.146495
2161.651839,1000,9674.764097
2158.74115,1000,9679.321735
2194.65966,1000,9683.916587
2172.731745,1000,9688.564535
2156.280782,1000,9693.197102
2180.092401,1000,9697.79902
2151.361255,1000,9702.358777
2161.72435,1000,9706.999669
2169.844097,1000,9711.580764
2012.614356,1000,9716.128616
2177.10267,1000,9720.751851
2133.54358,1000,9725.369932
2183.356474,1000,9729.980516
2189.225036,1000,9734.582872
2124.602843,1000,9739.234366
2151.345726,1000,9743.895877
2152.294212,1000,9748.666418
2164.97456,1000,9753.25466
2136.678772,1000,9757.915644
2168.697336,1000,9762.534629
2144.167517,1000,9767.193779
2173.102558,1000,9771.805103
2098.850645,1000,9776.436402
2110.351316,1000,9781.071566
2182.595929,1000,9785.65107
2176.753264,1000,9790.331476
2185.424969,1000,9794.955343
2176.755813,1000,9799.520592
2202.537148,1000,9804.150584
2144.185983,1000,9808.733347
2166.052819,1000,9813.315846
2158.530598,1000,9817.994994
2153.600826,1000,9822.602466
2190.588536,1000,9827.242074
2189.32566,1000,9831.804019
2141.721258,1000,9836.393717
2163.384518,1000,9841.062618
2156.858919,1000,9845.591767
2154.122892,1000,9850.146972
2156.962264,1000,9854.774429
2169.004131,1000,9859.53567
2140.296315,1000,9864.183502
2164.133332,1000,9868.732356
2153.842387,1000,9873.318182
2108.884881,1000,9877.9474
2172.398341,1000,9882.582469
2210.572359,1000,9887.133018
2199.047833,1000,9891.862554
2154.926417,1000,9896.464373
2147.177389,1000,9901.074362
2187.685351,1000,9905.709746
2169.589167,1000,9910.386087
2151.656309,1000,9914.971391
2166.856825,1000,9919.551895
2107.845304,1000,9924.132439
2122.367755,1000,9928.723039
2164.421686,1000,9933.344618
2177.933126,1000,9938.02726
2168.078258,1000,9942.602211
2132.728791,1000,9947.296826
2154.283256,1000,9951.947792
2189.159574,1000,9956.535606
2179.982486,1000,9961.195867
2183.836939,1000,9965.80941
2162.327257,1000,9970.43854
2158.661488,1000,9975.100205
2140.681309,1000,9979.778911
2172.261931,1000,9984.396454
2186.428372,1000,9989.005763
2186.319448,1000,9993.715241
2141.53128,1000,9998.305663
2124.673397,1000,10003.072919
2168.033235,1000,10007.661825
2150.661945,1000,10012.323875
2159.434191,1000,10016.95557
2159.203725,1000,10021.579947
2131.384851,1000,10026.248542
2158.645518,1000,10030.96163
2167.115818,1000,10035.582322
2193.900119,1000,10040.158822
2166.189148,1000,10044.715572
2154.793282,1000,10049.371139
2176.021994,1000,10054.009542
2184.093487,1000,10058.678519
2135.559913,1000,10063.277336
2182.597221,1000,10067.923794
2125.817147,1000,10072.579622
2148.497899,1000,10077.218051
2148.813761,1000,10081.903503
2181.669405,1000,10086.582851
2175.57467,1000,10091.36773
2161.395611,1000,10095.948886
2157.289467,1000,10100.562601
2182.534018,1000,10105.190719
2157.195062,1000,10109.753491
2150.22169,1000,10114.328582
2166.878525,1000,10118.861414
2141.969649,1000,10123.433909
2172.707984,1000,10128.030491
2171.322031,1000,10132.646185
2187.30055,1000,10137.326905
2167.407785,1000,10141.954468
2167.339342,1000,10146.686867
2189.278421,1000,10151.355638
2166.870395,1000,10155.99607
2176.769872,1000,10160.762463
2162.32745,1000,10165.358634
2124.193348,1000,10169.969707
2175.10527,1000,10174.789314
2171.202653,1000,10179.394001
2190.700756,1000,10184.016745
2160.8541,1000,10188.622481
2144.425772,1000,10193.215473
2137.406431,1000,10197.836517
2144.4952,1000,10202.59907
2175.47512,1000,10207.353965
2124.258546,1000,10212.001508
2151.290174,1000,10216.621982
2170.897737,1000,10221.17127
2167.472527,1000,10225.719398
2183.339636,1000,10230.4968
2136.37398,1000,10235.133706
2168.307555,1000,10239.74575
2123.091188,1000,10244.470346
2176.969639,1000,10249.253466
2172.495432,1000,10253.847837
2156.687568,1000,10258.521396
2150.271974,1000,10263.123501
2177.630051,1000,10267.713556
2174.657083,1000,10272.306899
2125.034985,1000,10276.934031
2168.593759,1000,10281.57409
2161.029446,1000,10286.217674
2172.498928,1000,10290.820169
2194.391231,1000,10295.46033
2192.755569,1000,10300.179924
2194.232799,1000,10304.78471
2165.815931,1000,10309.429987
2175.028929,1000,10313.983657
2174.59213,1000,10318.588898
2182.835537,1000,10323.214512
2161.719591,1000,10327.944618
2148.817999,1000,10332.602283
2175.666659,1000,10337.097647
2150.862682,1000,10341.61786
2183.186046,1000,10346.203279
2177.383048,1000,10350.802243
2174.555605,1000,10355.446986
2157.613419,1000,10360.112565
2153.225514,1000,10364.753058
2168.771363,1000,10369.34304
2158.329717,1000,10373.971354
2164.009337,1000,10378.598269
2170.438634,1000,10383.23273
2180.436401,1000,10387.882547
2120.310808,1000,10392.566542
2173.424028,1000,10397.229641
2175.734468,1000,10401.983063
2153.140273,1000,10406.539212
2162.325466,1000,10411.152907
2180.943417,1000,10415.974607
2141.227125,1000,10420.646739
2166.750891,1000,10425.242565
2182.274671,1000,10429.910706
2159.916523,1000,10434.523668
2174.184164,1000,10439.095949
2190.296375,1000,10443.685693
2187.692823,1000,10448.319816
2173.055818,1000,10452.976694
2171.327578,1000,10457.558723
2141.288152,1000,10462.132843
2162.829927,1000,10466.766788
2142.2396,1000,10471.352129
2178.827646,1000,10476.003482
2167.285243,1000,10480.564885
2174.847503,1000,10485.134927
2100.950969,1000,10489.762889
2181.384908,1000,10494.410106
2193.57528,1000,10499.096305
2178.536972,1000,10503.740275
2134.967588,1000,10508.345275
2175.590036,1000,10513.05968
2159.471993,1000,10517.710283
2193.443882,1000,10522.347813
2164.976536,1000,10527.053035
2179.02647,1000,10531.696472
2190.699092,1000,10536.284309
2158.404609,1000,10540.86359
2173.146669,1000,10545.490166
2130.766051,1000,10550.100832
2146.59328,1000,10554.740315
2171.191386,1000,10559.373746
2203.588282,1000,10563.948731
2147.94182,1000,10568.662202
2162.223135,1000,10573.278263
2174.705806,1000,10577.929987
2155.009735,1000,10582.588771
2154.873214,1000,10587.224165
2203.587844,1000,10591.832005
2150.46627,1000,10596.411031
2176.911847,1000,10601.16015
2181.227877,1000,10605.88987
2133.448273,1000,10610.625748
2161.959851,1000,10615.268362
2159.428143,1000,10619.866957
2170.665798,1000,10624.417949
2198.102605,1000,10629.047533
2156.375243,1000,10633.629504
2155.250909,1000,10638.164542
2083.368672,1000,10642.767738
2172.797408,1000,10647.396863
2188.194614,1000,10652.147946
2187.233259,1000,10656.783869
2172.910756,1000,10661.388716
2135.353735,1000,10666.154836
2199.127692,1000,10670.936106
2171.296751,1000,10675.84835
2199.539883,1000,10680.445683
2182.327879,1000,10685.204262
2158.788645,1000,10689.856945
2168.675548,1000,10694.373006
2165.570205,1000,10698.995092
2161.813322,1000,10703.5752
2171.352879,1000,10708.204185
2168.492991,1000,10712.759897
2197.366259,1000,10717.400786
2159.644798,1000,10722.117463
2183.444368,1000,10726.731778
2189.031808,1000,10731.32673
2177.350348,1000,10735.867044
2170.080266,1000,10740.487083
2179.581514,1000,10745.225196
2195.347073,1000,10749.84585
2169.644758,1000,10754.559041
2198.050487,1000,10759.22011
2191.184751,1000,10763.861922
2148.044473,1000,10768.562781
2149.897128,1000,10773.120009
2177.462495,1000,10777.868919
2129.220802,1000,10782.56248
2147.875761,1000,10787.169628
2162.86573,1000,10791.745928
2160.947903,1000,10796.338305
2174.52868,1000,10801.040051
2173.488136,1000,10805.646389
2149.06794,1000,10810.274805
2187.588928,1000,10814.758061
2135.95253,1000,10819.244071
2159.261351,1000,10823.812565
2174.087313,1000,10828.492666
2192.496644,1000,10833.206879
2172.050351,1000,10837.823034
2156.367184,1000,10842.500434
2171.197052,1000,10847.101033
2179.616064,1000,10851.773659
2175.909084,1000,10856.414739
2184.65697,1000,10861.049426
2179.896088,1000,10865.65384
2145.210622,1000,10870.242151
2141.925051,1000,10874.907657
2198.457426,1000,10879.523648
2182.021073,1000,10884.350441
2198.772903,1000,10888.966117
2187.335959,1000,10893.65288
2113.760913,1000,10898.301472
2200.174686,1000,10902.917009
2184.402359,1000,10907.486471
2184.007899,1000,10912.13
2181.536944,1000,10916.81664
2196.684513,1000,10921.439201
2156.844498,1000,10926.150096
2188.561165,1000,10930.783942
2113.834604,1000,10935.442848
2160.069845,1000,10940.142133
2196.391307,1000,10944.745795
2157.748013,1000,10949.365657
2179.165785,1000,10953.993022
2174.894987,1000,10958.611038
2163.705451,1000,10963.2451
2186.689265,1000,10967.876599
2167.131801,1000,10972.493355
2186.932803,1000,10977.216516
2198.980409,1000,10981.800279
2165.276505,1000,10986.480321
2155.774416,1000,10991.116276
2186.276594,1000,10995.701266
2192.869934,1000,11000.334292
2165.565537,1000,11005.029207
2200.827632,1000,11009.565323
2169.401664,1000,11014.146494
2122.532296,1000,11018.836086
2158.293703,1000,11023.545549
2205.404181,1000,11028.17644
2176.285512,1000,11032.771216
2157.933543,1000,11037.375848
2186.311264,1000,11041.957957
2159.998243,1000,11046.584044
2184.844807,1000,11051.253848
2150.975116,1000,11055.87926
2163.956264,1000,11060.49243
2207.741101,1000,11065.105454
2176.198145,1000,11069.707541
2159.032296,1000,11074.351619
2198.737295,1000,11079.002378
2142.922096,1000,11083.643919
2184.057131,1000,11088.251373
2047.236513,1000,11092.931461
2151.117388,1000,11097.563324
2202.391815,1000,11102.190482
2206.544759,1000,11106.856338
2195.186084,1000,11111.452266
2197.990768,1000,11116.126494
2165.259579,1000,11121.04201
2177.990505,1000,11125.814072
2199.009147,1000,11130.526487
2190.911688,1000,11135.084222
2174.139539,1000,11139.727997
2169.496502,1000,11144.390027
2196.174275,1000,11149.149774
2198.191194,1000,11153.853208
2198.283441,1000,11158.42041
2153.926893,1000,11163.039121
2144.722852,1000,11167.765125
2192.817358,1000,11172.587587
2204.925524,1000,11177.376237
2196.498481,1000,11182.083744
2200.586567,1000,11186.784317
2197.347743,1000,11191.490283
2205.21443,1000,11196.213582
2211.614977,1000,11200.890684
2139.314145,1000,11205.617556
1857.213949,1000,11210.311844
2181.62018,1000,11215.099531
2180.548406,1000,11219.741192
2145.208025,1000,11224.502605
2192.683348,1000,11229.161317
2124.748666,1000,11233.825486
2184.712237,1000,11238.465415
2171.323647,1000,11243.068011
2139.845061,1000,11247.745902
2171.019933,1000,11252.261694
2165.664256,1000,11257.072847
2208.01819,1000,11261.87104
2199.365404,1000,11266.577326
2189.291677,1000,11271.164312
2149.29605,1000,11275.848526
2139.536081,1000,11280.572748
2114.206595,1000,11285.185981
2198.401781,1000,11289.89865
2171.459529,1000,11294.548022
2198.36667,1000,11299.250076
2190.155774,1000,11303.874832
2214.307629,1000,11308.515127
2190.40192,1000,11313.231159
2198.822087,1000,11317.864732
2200.747225,1000,11322.611018
2212.703328,1000,11327.24491
2198.845838,1000,11332.001555
2208.639379,1000,11336.784731
2179.402685,1000,11341.537369
2212.263703,1000,11346.424314
2180.758186,1000,11351.299268
2197.34501,1000,11356.168366
2183.969038,1000,11360.834393
2181.757152,1000,11365.407273
2215.480057,1000,11369.999276
2184.478165,1000,11374.730922
2210.75867,1000,11379.422683
2216.950212,1000,11384.053637
2178.66808,1000,11388.696567
2202.231709,1000,11393.339303
2197.761991,1000,11397.986485
2181.548183,1000,11402.621688
2197.290854,1000,11407.393631
2180.635931,1000,11411.989256
2203.591637,1000,11416.519429
2191.204693,1000,11421.188528
2151.416793,1000,11425.835782
2165.496307,1000,11430.489162
2200.845748,1000,11435.091219
2182.754067,1000,11439.744934
2169.594184,1000,11444.425197
2210.829324,1000,11449.081315
2163.798739,1000,11453.703788
2204.561033,1000,11458.452912
2203.582835,1000,11463.090657
2196.262234,1000,11467.835531
2185.283065,1000,11472.532736
2201.694144,1000,11477.162049
2190.328795,1000,11481.779469
2205.513647,1000,11486.386
2180.25495,1000,11490.961444
2178.595544,1000,11495.510441
2195.51439,1000,11500.163422
2180.43778,1000,11504.878493
2183.417148,1000,11509.514181
2191.93552,1000,11514.159234
2165.817041,1000,11518.819067
2182.041964,1000,11523.503378
2186.694143,1000,11528.096691
2172.064082,1000,11532.715281
2184.734229,1000,11537.504341
2156.965599,1000,11542.186219
2188.647801,1000,11546.89781
2166.360306,1000,11551.547082
2208.441719,1000,11556.255618
2195.615455,1000,11560.994907
2218.320596,1000,11565.726511
2199.003595,1000,11570.439185
2172.549971,1000,11575.165983
2177.885177,1000,11579.920451
2181.703607,1000,11584.632015
2206.340332,1000,11589.279068
2210.482473,1000,11593.919695
2224.103692,1000,11598.586656
2166.207976,1000,11603.293459
2201.21167,1000,11608.124272
2199.095039,1000,11612.989724
2180.295896,1000,11617.711422
2208.680544,1000,11622.482043
2184.374083,1000,11627.282996
2177.585249,1000,11632.060361
2192.380265,1000,11636.695832
2237.734619,1000,11641.406127
2152.374617,1000,11646.148323
2217.440257,1000,11650.849128
2186.137689,1000,11655.52597
2196.582846,1000,11660.316416
2178.779178,1000,11665.035307
2191.303433,1000,11669.828952
2222.737604,1000,11674.570462
2220.52819,1000,11679.33513
2125.536619,1000,11684.045231
2201.222626,1000,11688.778134
2190.964257,1000,11693.509472
2203.783072,1000,11698.257556
2190.276762,1000,11703.014892
2133.435022,1000,11707.787609
2182.336063,1000,11712.530494
2129.058507,1000,11717.314109
2175.842129,1000,11721.991397
2160.904642,1000,11726.696388
2187.708977,1000,11731.450508
2205.567654,1000,11736.088936
2189.512962,1000,11740.736818
2181.300139,1000,11745.527632
2184.420225,1000,11750.190941
2162.741517,1000,11754.939557
2178.145662,1000,11759.59785
2198.518762,1000,11764.402721
2217.574982,1000,11769.108163
2195.854833,1000,11773.797593
2205.47966,1000,11778.563125
2191.460893,1000,11783.265023
2132.568902,1000,11787.93337
2204.566598,1000,11792.619471
2195.46567,1000,11797.307552
2174.727913,1000,11802.005138
2207.080479,1000,11806.705492
2204.04564,1000,11811.38782
2163.120286,1000,11816.177894
2219.907287,1000,11820.835731
2215.473548,1000,11825.543705
2198.408314,1000,11830.257404
2186.196853,1000,11834.872037
2213.062023,1000,11839.622011
2170.917665,1000,11844.304521
2175.43102,1000,11848.971898
2194.298755,1000,11853.664557
2190.671063,1000,11858.379242
2216.388697,1000,11863.202571
2229.559733,1000,11867.850417
2163.597324,1000,11872.475464
2212.461598,1000,11877.208994
2189.787488,1000,11881.83465
2192.074012,1000,11886.544856
2203.513473,1000,11891.229569
2212.062464,1000,11895.985398
2206.341636,1000,11900.723803
2181.848382,1000,11905.410853
2194.560822,1000,11910.225278
2182.264725,1000,11915.142418
2178.495315,1000,11920.214203
2218.516214,1000,11924.979133
2205.5477,1000,11929.657776
2204.114213,1000,11934.326998
2190.54165,1000,11938.927111
2216.677055,1000,11943.561975
2207.934587,1000,11948.205511
2110.260596,1000,11952.79255
2141.306569,1000,11957.545454
2209.165242,1000,11962.337221
2195.673699,1000,11967.248197
2155.077434,1000,11972.057191
2180.836828,1000,11976.869908
2178.683088,1000,11981.427917
2184.538804,1000,11986.174661
2196.372526,1000,11990.912699
2187.340706,1000,11995.606609
2180.433222,1000,12000.258703
2172.452844,1000,12004.96068
2198.644982,1000,12009.586315
2195.151869,1000,12014.324937
2202.50577,1000,12019.085957
2173.704879,1000,12023.828382
2212.043503,1000,12028.619677
2195.60561,1000,12033.316751
2193.951864,1000,12038.259871
2207.542516,1000,12043.114299
2194.154004,1000,12047.926175
2185.497515,1000,12052.676303
2144.47141,1000,12057.563168
2174.659297,1000,12062.194991
2188.26786,1000,12067.044624
2198.512546,1000,12071.711192
2216.440202,1000,12076.581064
2182.483387,1000,12081.370667
2182.899031,1000,12086.019348
2166.919296,1000,12090.638078
2178.845275,1000,12095.336838
2189.542118,1000,12100.187584
2195.318621,1000,12104.856091
2185.170054,1000,12109.667487
2178.872329,1000,12114.328816
2180.27048,1000,12119.038677
2199.056696,1000,12123.614768
2192.24335,1000,12128.256456
2213.084986,1000,12132.923384
2200.048336,1000,12137.555658
2201.602584,1000,12142.192569
2201.478373,1000,12146.933361
2196.50553,1000,12151.836828
2215.249392,1000,12156.570996
2156.944904,1000,12161.538483
2194.174703,1000,12166.236005
2195.644175,1000,12170.83814
2187.621452,1000,12175.480585
2170.869859,1000,12180.095965
2178.670677,1000,12184.708122
2187.254039,1000,12189.330683
2192.553955,1000,12193.964608
2228.850048,1000,12198.714115
2201.669978,1000,12203.584143
2212.972089,1000,12208.352373
2203.164837,1000,12212.942067
2198.892776,1000,12217.64846
2218.935628,1000,12222.329121
2174.523345,1000,12227.018854
2180.145171,1000,12231.80412
2193.064997,1000,12236.417843
2167.523035,1000,12241.062049
2219.988766,1000,12245.710085
2192.596891,1000,12250.292501
2166.93919,1000,12254.856563
2174.48869,1000,12259.582841
2204.794559,1000,12264.16677
2200.613515,1000,12268.844281
2220.200816,1000,12273.45493
2201.804041,1000,12278.027352
2158.018393,1000,12282.763171
2196.837679,1000,12287.45405
2175.10513,1000,12292.093682
2202.078266,1000,12296.743739
2174.287151,1000,12301.362965
2218.377556,1000,12306.007549
2209.758398,1000,12310.816326
2162.16393,1000,12315.828224
2210.317072,1000,12320.566591
2181.229792,1000,12325.229974
2180.228905,1000,12329.900243
2212.302523,1000,12334.592579
2188.839123,1000,12339.272695
2172.061536,1000,12343.98843
2189.821677,1000,12348.676669
2204.872043,1000,12353.38115
2189.841779,1000,12358.068516
2165.316266,1000,12362.731772
2207.932489,1000,12367.436817
2197.720538,1000,12372.084152
2214.579335,1000,12376.749076
2205.532312,1000,12381.400375
2179.037081,1000,12386.130526
2175.678499,1000,12390.94897
2215.367046,1000,12395.594618
2216.69069,1000,12400.269422
2177.936706,1000,12404.983669
2212.989029,1000,12409.695098
2173.638769,1000,12414.591984
2195.930798,1000,12419.36396
2173.105091,1000,12424.044104
2187.903074,1000,12428.729283
2197.457385,1000,12433.343901
2211.039888,1000,12438.168741
2167.832936,1000,12442.924832
2206.790526,1000,12447.725701
2149.666865,1000,12452.438591
2229.592353,1000,12457.186738
2166.852924,1000,12461.941568
2196.198985,1000,12466.565055
2228.045252,1000,12471.24179
2140.701471,1000,12475.952403
2152.852795,1000,12480.631574
2209.347844,1000,12485.326388
2196.716477,1000,12489.975218
2199.309169,1000,12494.690188
2206.524761,1000,12499.30305
2195.927323,1000,12503.956635
2192.434279,1000,12508.581861
2188.737655,1000,12513.22995
2127.033223,1000,12517.943989
2188.615181,1000,12522.61408
2189.031437,1000,12527.346663
2147.95518,1000,12531.989907
2135.034977,1000,12536.649244
2189.413835,1000,12541.279083
2182.528192,1000,12545.883237
2201.918791,1000,12550.465275
2182.97128,1000,12555.086489
2174.719679,1000,12559.735718
2200.728364,1000,12564.367987
2184.156275,1000,12569.02887
2189.110688,1000,12573.6446
2172.481035,1000,12578.268451
2200.772547,1000,12582.926029
2194.390598,1000,12587.532023
2205.493543,1000,12592.190921
2167.366529,1000,12596.849763
2188.734722,1000,12601.513329
2196.828061,1000,12606.160723
2185.821657,1000,12610.821576
2208.372658,1000,12615.438076
2188.926883,1000,12620.078328
2174.969753,1000,12624.831504
2201.066276,1000,12629.462467
2182.395169,1000,12634.180965
2201.30152,1000,12638.788489
2179.864508,1000,12643.670393
2180.825899,1000,12648.272177
2206.901434,1000,12652.917233
2223.526121,1000,12657.533128
2216.928411,1000,12662.134716
2172.08644,1000,12666.754898
2201.445527,1000,12671.536599
2199.443802,1000,12676.182858
2174.386177,1000,12680.846236
2171.633222,1000,12685.574067
2196.331063,1000,12690.227376
2154.672361,1000,12694.865771
2227.774914,1000,12699.503743
2163.53351,1000,12704.152112
2168.896548,1000,12708.778141
2190.679675,1000,12713.395885
2202.407975,1000,12717.96869
2205.777569,1000,12722.647394
2203.535088,1000,12727.29774
2187.137139,1000,12731.976947
2196.522981,1000,12736.612527
2202.043757,1000,12741.257383
2224.184476,1000,12746.0189
2204.361691,1000,12750.689383
2226.122655,1000,12755.342016
2175.35027,1000,12759.981661
2182.392014,1000,12764.770041
2178.109826,1000,12769.526766
2212.045447,1000,12774.233691
2220.212235,1000,12778.855978
2204.1317,1000,12783.471013
2193.009723,1000,12788.059939
2215.90039,1000,12792.663541
2169.818019,1000,12797.323385
2214.830342,1000,12801.961408
2141.969209,1000,12806.579384
2121.35174,1000,12811.104666
2223.014661,1000,12815.73372
2190.795302,1000,12820.391153
2188.644783,1000,12825.075541
2191.620242,1000,12829.732998
2185.01161,1000,12834.380834
2219.597065,1000,12839.023767
2164.731621,1000,12843.648845
2222.971896,1000,12848.270986
2194.210723,1000,12852.839952
2226.886102,1000,12857.440301
2197.809149,1000,12862.021359
2200.342054,1000,12866.711735
2137.725935,1000,12871.470755
2186.888319,1000,12876.1066
2206.873879,1000,12880.760964
2218.53353,1000,12885.434078
2211.664052,1000,12890.070124
2204.507139,1000,12894.726303
2219.784122,1000,12899.444307
2181.171073,1000,12904.086708
2229.287383,1000,12908.752096
2202.778938,1000,12913.398609
2190.299002,1000,12918.0612
2184.958414,1000,12922.697192
2196.13725,1000,12927.352545
2158.236258,1000,12932.034966
2191.609765,1000,12936.710173
2203.477722,1000,12941.394891
2211.709582,1000,12946.063757
2182.808142,1000,12950.666436
2221.1037,1000,12955.238691
2222.283706,1000,12959.910557
2219.399219,1000,12964.77681
2228.856838,1000,12969.442946
2213.097998,1000,12974.119099
2197.413446,1000,12978.755468
2213.078659,1000,12983.350933
2110.935144,1000,12988.034181
2200.889154,1000,12992.750477
2155.012841,1000,12997.43555
2204.642136,1000,13002.246508
2195.784914,1000,13006.910772
2209.616169,1000,13011.534427
2225.597845,1000,13016.205846
2209.312451,1000,13020.873556
2204.576025,1000,13025.513917
2219.78897,1000,13030.186649
2193.789931,1000,13034.821916
2199.709488,1000,13039.504187
2218.29693,1000,13044.202245
2166.053998,1000,13048.849979
2215.722669,1000,13053.506075
2192.710753,1000,13058.123112
2179.886572,1000,13062.693518
2145.75666,1000,13067.460015
2147.309352,1000,13072.117318
2183.670856,1000,13076.788373
2215.649309,1000,13081.480118
2219.309654,1000,13086.155274
2222.479945,1000,13090.909951
2168.513774,1000,13095.588465
2200.143977,1000,13100.194207
2216.9365,1000,13104.836012
2187.984306,1000,13109.483061
2231.746945,1000,13114.163063
2227.432444,1000,13118.883141
2240.723508,1000,13123.568127
2209.828951,1000,13128.266495
2216.417407,1000,13132.981598
2157.737881,1000,13137.868603
2214.82562,1000,13142.492707
2211.127682,1000,13147.114309
2220.093258,1000,13151.778007
2221.90974,1000,13156.429675
2227.356461,1000,13161.038558
2224.919508,1000,13165.685415
2176.323087,1000,13170.356267
2200.560442,1000,13175.009608
2152.251913,1000,13179.670399
2204.109192,1000,13184.323086
2191.3992,1000,13188.981892
2212.728715,1000,13193.647852
2161.692945,1000,13198.305123
2230.634069,1000,13203.0192
2183.007617,1000,13207.644907
2164.058746,1000,13212.339012
2203.280702,1000,13216.966989
2219.771251,1000,13221.676894
2183.617673,1000,13226.305207
2174.393783,1000,13230.948765
2216.162624,1000,13235.569104
2197.627605,1000,13240.112744
2220.416419,1000,13244.785604
2219.61376,1000,13249.450099
2226.286123,1000,13254.092773
2199.954564,1000,13258.731936
2203.993181,1000,13263.381718
2160.677288,1000,13268.01899
2202.45137,1000,13272.674598
2230.501732,1000,13277.394464
2207.815323,1000,13282.067222
2200.430737,1000,13286.711013
2197.525705,1000,13291.362599
2212.35617,1000,13296.009356
2228.393267,1000,13300.679842
2187.871013,1000,13305.256068
2208.293295,1000,13309.913688
2209.702327,1000,13314.503931
2206.889988,1000,13319.166492
2206.494848,1000,13323.804831
2207.346419,1000,13328.422937
2193.780923,1000,13333.050777
2168.906721,1000,13337.830258
2193.367021,1000,13342.547126
2190.508012,1000,13347.325168
2211.448079,1000,13351.975486
2202.310074,1000,13356.607808
2188.933379,1000,13361.22956
2202.2216,1000,13365.941754
2208.639066,1000,13370.572786
2200.667343,1000,13375.245948
2199.749672,1000,13379.864285
2180.196915,1000,13384.462337
2211.891054,1000,13389.033149
2227.199857,1000,13393.70752
2221.198359,1000,13398.496069
2209.591123,1000,13403.12252
2193.658982,1000,13407.745359
2207.774517,1000,13412.45135
2195.393639,1000,13417.090882
2201.926277,1000,13421.801265
2181.205256,1000,13426.403349
2198.082626,1000,13430.964611
2240.343295,1000,13435.561956
2212.465822,1000,13440.144201
2222.607991,1000,13444.656672
2175.052725,1000,13449.329223
2207.910159,1000,13454.075437
2195.182947,1000,13458.650359
2188.844046,1000,13463.245942
2162.688779,1000,13467.882644
2212.360491,1000,13472.489395
2220.482382,1000,13477.130866
2215.472942,1000,13481.811837
2184.250656,1000,13486.428208
1794.700558,1000,13491.030591
2196.078177,1000,13495.616303
2200.190562,1000,13500.260773
2218.754465,1000,13504.876563
2213.095124,1000,13509.508596
2218.497959,1000,13514.126276
2185.164481,1000,13518.708583
2214.133384,1000,13523.283421
2194.888389,1000,13527.846141
2213.118593,1000,13532.506492
2214.99233,1000,13537.142404
2201.800741,1000,13541.755445
2214.959442,1000,13546.376871
2180.639979,1000,13550.970385
2108.430558,1000,13555.576963
2191.853262,1000,13560.218016
2173.937927,1000,13564.83075
2214.573996,1000,13569.497942
2170.074045,1000,13574.200954
2198.352662,1000,13578.804989
2172.155077,1000,13583.440069
2231.299795,1000,13588.083641
2199.827942,1000,13592.690906
2195.427378,1000,13597.292526
2204.923213,1000,13601.84326
2210.589382,1000,13606.426412
2226.575097,1000,13611.118304
2216.090782,1000,13615.814445
2177.063689,1000,13620.475906
2211.630821,1000,13625.10789
2213.549422,1000,13629.691246
2194.613301,1000,13634.330224
2182.382997,1000,13638.893072
2206.0178,1000,13643.497877
2197.599329,1000,13648.291046
2204.44408,1000,13652.895412
2158.109958,1000,13657.522175
2223.506709,1000,13662.188211
2183.514443,1000,13666.803273
2192.656878,1000,13671.416826
2213.23873,1000,13676.094611
2208.140188,1000,13680.730742
2205.587269,1000,13685.405739
2195.208395,1000,13690.055156
2193.523004,1000,13694.728122
2206.744871,1000,13699.378772
2194.349855,1000,13703.968477
2211.170774,1000,13708.568758
2228.994291,1000,13713.184132
2228.76543,1000,13717.780247
2203.466711,1000,13722.395494
2137.890086,1000,13727.030343
2215.954021,1000,13731.665673
2219.152397,1000,13736.301318
2181.061942,1000,13740.955068
2211.852212,1000,13745.63886
2218.508251,1000,13750.432512
2194.995638,1000,13755.101302
2180.955,1000,13759.803749
2192.132183,1000,13764.592073
2202.990951,1000,13769.27504
2150.370221,1000,13774.013698
2210.779712,1000,13778.694185
2212.073079,1000,13783.317501
2225.728427,1000,13788.020158
2199.805717,1000,13792.712339
2189.344709,1000,13797.396224
2234.490884,1000,13802.079838
2212.939027,1000,13806.66677
2210.156505,1000,13811.313705
2228.087996,1000,13816.046485
2230.822854,1000,13820.81896
2195.282596,1000,13825.624622
2192.265408,1000,13830.367276
2229.135093,1000,13835.065358
2212.242838,1000,13839.834491
2230.043601,1000,13844.580654
2194.571653,1000,13849.303036
2204.830754,1000,13854.038103
2220.284459,1000,13858.780101
2185.146359,1000,13863.518585
2237.817592,1000,13868.26896
2207.832198,1000,13872.940901
2226.943546,1000,13877.694674
2193.867689,1000,13882.596354
2204.058861,1000,13887.376828
2220.288737,1000,13892.10222
2213.325698,1000,13896.810998
2236.411073,1000,13901.500813
2212.707445,1000,13906.24514
2202.311986,1000,13910.932338
2180.548591,1000,13915.681155
2200.755333,1000,13920.388142
2214.216194,1000,13925.106241
2198.746138,1000,13929.856636
2209.975553,1000,13934.599381
2150.156193,1000,13939.462587
2213.268175,1000,13944.180551
2214.941012,1000,13948.900787
2207.890474,1000,13953.620309
2155.496287,1000,13958.328109
2188.043193,1000,13962.968797
2207.357915,1000,13967.648696
2224.743277,1000,13972.290693
2194.714351,1000,13976.924885
2215.88319,1000,13981.611721
2202.4818,1000,13986.250704
2192.340925,1000,13990.9086
