#{"t_start": 1649991010.0964386, "env_id": null}
r,l,t
-662.509007,1000,2.957288
-459.781511,1000,4.018737
-1392.628215,1000,6.100911
-1755.926173,1000,7.163205
-1496.156337,1000,9.258006
-1124.26612,1000,10.37991
-760.250975,1000,12.516373
-1425.264191,1000,13.579869
-486.33153,1000,15.674764
-1175.062888,1000,16.743337
-782.825755,1000,18.822681
-1003.947123,1000,19.873193
-890.247219,1000,21.966181
-963.198656,1000,23.036283
-1428.769802,1000,25.138818
-670.897915,1000,26.208063
-882.991164,1000,28.261134
-1489.372346,1000,29.306472
-856.736754,1000,31.408876
-1067.353866,1000,32.474527
-1038.530015,1000,34.574707
-798.33074,1000,35.631664
-622.972774,1000,37.699761
-397.507421,1000,38.743386
-748.027926,1000,40.804087
-446.889117,1000,41.863101
-1512.514089,1000,43.943818
-503.651177,1000,45.00737
-833.9587,1000,47.077456
-790.211019,1000,48.133757
-1172.839874,1000,50.238791
-789.633784,1000,51.293575
-662.113746,1000,53.384993
-1783.574343,1000,54.452714
-535.899854,1000,56.542781
-1096.625644,1000,57.591824
-1605.452584,1000,59.667995
-619.393566,1000,60.721647
-1521.38803,1000,62.900379
-567.22235,1000,63.966576
-984.654425,1000,66.055351
-493.253751,1000,67.128594
-552.398287,1000,68.192068
-810.00981,1000,70.309843
-1030.983151,1000,71.378524
-733.202714,1000,73.620345
-595.582526,1000,74.721839
-741.401429,1000,76.860519
-683.830026,1000,77.92068
-1693.784348,1000,80.001701
-832.260173,1000,81.071573
-884.206653,1000,83.240398
-696.929499,1000,84.313872
-702.017167,1000,86.381096
-1243.55918,1000,87.43517
-990.021018,1000,89.543225
-1007.910225,1000,90.612329
-454.771522,1000,92.711658
-405.159093,1000,93.779085
-2442.543618,1000,95.877063
-2419.234363,1000,96.93441
-849.025174,1000,99.013803
-705.350215,1000,100.067308
-2042.11781,1000,102.151642
-1418.058367,1000,103.218076
-1284.025035,1000,105.333781
-2178.681386,1000,106.401193
-1071.905969,1000,108.529802
-1548.373765,1000,109.594363
-717.769237,1000,111.6837
-319.247901,1000,112.742777
-336.791299,1000,114.817056
-291.458131,1000,115.873119
-608.679985,1000,117.984408
-877.016018,1000,119.039937
-434.70738,1000,121.127961
-443.395157,1000,122.18203
-758.336208,1000,124.271836
-708.309557,1000,125.325246
-639.968955,1000,127.428955
-520.143226,1000,128.4897
-1424.189743,1000,130.571034
-1932.700035,1000,131.622759
-549.499329,1000,133.716972
-435.24205,1000,134.762143
-522.107185,1000,135.809856
-608.377546,1000,137.889613
-282.85084,1000,138.952812
-639.51866,1000,141.012802
-67.1009,1000,142.079323
-758.558294,1000,144.25779
-837.437037,1000,145.320076
-495.988023,1000,147.429675
-201.993051,1000,148.480786
-540.730293,1000,150.6113
-267.008211,1000,151.732777
-1011.228348,1000,153.862267
-614.286126,1000,154.930016
-304.406675,1000,157.00946
-670.413434,1000,158.074583
-607.124193,1000,160.273863
-806.460249,1000,161.344069
-1007.494884,1000,163.417426
-233.213052,1000,164.472082
-180.086149,1000,166.594314
-404.651395,1000,167.679017
-2417.513656,1000,169.77087
-536.71845,1000,170.817729
-804.095656,1000,172.88035
-105.894515,1000,173.925761
-283.267113,1000,176.006485
-545.717394,1000,177.05279
-267.952928,1000,179.106965
-798.07748,1000,180.158526
-594.238662,1000,182.217242
-409.222982,1000,183.276033
67.410388,1000,185.390752
-1276.098749,1000,186.457549
-100.078789,1000,188.5457
-292.597291,1000,189.612369
-58.004863,1000,191.711715
-150.663717,1000,192.78043
-40.896452,1000,194.892476
-436.345676,1000,195.967715
-14.686529,1000,198.065414
-149.715097,1000,199.127498
-43.630578,1000,201.196964
137.919057,1000,202.262681
-176.1859,1000,203.312337
-164.149032,1000,205.415395
39.527401,1000,206.494782
-222.595293,1000,208.613497
-62.674113,1000,209.663049
-384.586917,1000,211.767785
146.884084,1000,212.834933
202.418561,1000,214.936116
-56.144286,1000,216.019732
222.804698,1000,218.109727
-639.999242,1000,219.174453
168.183622,1000,221.266519
216.626965,1000,222.346163
64.766954,1000,224.457347
148.684943,1000,225.502664
32.367732,1000,227.583497
42.557077,1000,228.627111
161.680774,1000,230.774303
325.844428,1000,231.824364
240.781768,1000,233.906593
67.038831,1000,234.962027
-333.123422,1000,237.025329
-52.590118,1000,238.089242
428.639339,1000,240.205867
-193.901567,1000,241.272319
72.747341,1000,243.384815
230.410251,1000,244.443331
225.91028,1000,246.559964
251.419765,1000,247.601589
258.383379,1000,249.643751
209.882216,1000,250.685894
108.568712,1000,252.739424
319.994162,1000,253.797357
134.328962,1000,255.885748
299.917638,1000,256.948478
379.883852,1000,259.028406
373.557719,1000,260.078522
213.426384,1000,262.25068
631.871367,1000,263.301029
58.287706,1000,265.364161
175.078959,1000,266.413573
441.034052,1000,268.480723
385.037567,1000,269.539492
333.525852,1000,270.591465
515.793071,1000,272.68585
513.141932,1000,273.738183
592.017256,1000,275.81433
62.910515,1000,276.871965
506.869421,1000,278.933345
513.869879,1000,279.989082
477.672641,1000,282.103072
686.255444,1000,283.169508
637.159181,1000,285.377651
712.283086,1000,286.442953
637.664799,1000,288.560272
607.553756,1000,289.615963
640.190995,1000,291.702979
492.303534,1000,292.769313
435.329262,1000,294.858647
798.132831,1000,295.921644
790.550456,1000,298.05413
412.553631,1000,299.11754
710.249934,1000,301.236773
621.143007,1000,302.30073
673.66355,1000,304.398447
552.476004,1000,305.466439
760.293846,1000,307.572834
624.263881,1000,308.637717
740.18016,1000,310.710128
713.545492,1000,311.774654
774.020761,1000,313.865793
717.88948,1000,314.929018
777.672065,1000,317.033055
742.483547,1000,318.096263
441.312622,1000,320.210428
706.617512,1000,321.274387
644.392019,1000,323.388322
742.349693,1000,324.461141
858.989861,1000,326.548659
818.470371,1000,327.58825
834.862176,1000,329.644206
754.590577,1000,330.698205
777.313173,1000,332.763499
865.522678,1000,333.816926
854.699947,1000,335.872439
902.4659,1000,336.974963
931.69257,1000,338.071017
985.883267,1000,340.2054
845.02095,1000,341.266113
875.356073,1000,343.37108
900.27265,1000,344.421124
966.87767,1000,346.491344
904.818906,1000,347.55145
932.652729,1000,349.604434
950.911676,1000,350.664266
942.139656,1000,352.738908
915.807233,1000,353.80468
839.441988,1000,355.928609
965.977969,1000,356.994926
871.364843,1000,359.120031
932.365629,1000,360.193242
989.473499,1000,362.308052
942.441599,1000,363.387641
999.511696,1000,365.589701
999.153244,1000,366.647476
967.997866,1000,368.723428
949.885018,1000,369.774119
1001.422537,1000,371.82756
1009.756247,1000,372.879226
1049.969483,1000,374.918187
1101.414438,1000,375.968387
1006.460998,1000,378.008168
1098.241646,1000,379.067841
1041.429385,1000,381.138236
1021.947736,1000,382.203801
1058.496949,1000,384.292755
1123.838938,1000,385.358931
1070.362252,1000,387.534307
1102.173058,1000,388.599654
1069.60223,1000,390.72936
1024.590242,1000,391.797825
1150.605405,1000,393.898348
1185.350602,1000,394.963544
998.69486,1000,397.135683
1062.21056,1000,398.214437
1132.321463,1000,400.311451
1110.486915,1000,401.386498
1128.929921,1000,402.460943
1171.748439,1000,404.766746
1152.072914,1000,405.879262
1164.646897,1000,407.959174
1189.543677,1000,409.056575
1195.815558,1000,411.133534
1118.859746,1000,412.174167
1174.905735,1000,414.24618
1170.361396,1000,415.301576
1149.827052,1000,417.377957
1078.734823,1000,418.440494
1196.58135,1000,420.537131
1219.592969,1000,421.600581
1206.622722,1000,423.732623
1156.103767,1000,424.797439
1225.20872,1000,427.009737
1154.484092,1000,428.074789
1250.186016,1000,430.16835
1268.495735,1000,431.231809
1221.829219,1000,433.322741
1282.007646,1000,434.398283
1226.076411,1000,436.475884
1264.062719,1000,437.539305
1223.815903,1000,439.605084
1253.205512,1000,440.643883
1275.854814,1000,442.703581
1258.757463,1000,443.743469
1317.846148,1000,445.789088
1280.707521,1000,446.832157
1267.045216,1000,448.904119
1261.539758,1000,449.966682
1304.524091,1000,452.060159
1301.233356,1000,453.09844
1295.682521,1000,455.154486
1303.789071,1000,456.207282
1267.545047,1000,458.295891
1318.361973,1000,459.362442
1308.101118,1000,461.469198
1317.26132,1000,462.51218
1352.317919,1000,464.590644
1363.399308,1000,465.648628
1361.215076,1000,467.725912
1358.864544,1000,468.786408
1373.161383,1000,469.864643
1357.676781,1000,471.949355
1307.649435,1000,473.014405
1362.466349,1000,475.123428
1379.201661,1000,476.174754
1375.046387,1000,478.246965
1351.311349,1000,479.301142
1372.31632,1000,481.40745
1423.773622,1000,482.470277
1408.05168,1000,484.568475
1380.743538,1000,485.6332
1413.224138,1000,487.729191
1438.611454,1000,488.801864
1441.243433,1000,490.885414
1426.319175,1000,491.948084
1449.705962,1000,494.044486
1460.614578,1000,495.110441
1433.278458,1000,497.178437
1450.288073,1000,498.22404
1494.869912,1000,500.29345
1467.111995,1000,501.336865
1464.207454,1000,503.444958
1482.531666,1000,504.509111
1485.101165,1000,506.590132
1466.863194,1000,507.633947
1501.023362,1000,509.743591
1532.701997,1000,510.807604
1480.51198,1000,512.912118
1499.58794,1000,513.976837
1499.686123,1000,516.071945
1548.423391,1000,517.116649
1507.11833,1000,519.167731
1543.977149,1000,520.219208
1525.312442,1000,522.279264
1510.215028,1000,523.33102
1515.671403,1000,525.393388
1553.879874,1000,526.44137
1532.59907,1000,528.612515
1581.505064,1000,529.653576
1522.890486,1000,531.712775
1591.278661,1000,532.777454
1554.462741,1000,534.936566
1601.808252,1000,536.056636
1559.464595,1000,537.132555
1546.20846,1000,539.243706
1567.163788,1000,540.31015
1583.926432,1000,542.417922
1597.497889,1000,543.491401
1591.39436,1000,545.593304
1590.494393,1000,546.663711
1574.424921,1000,548.774394
1616.042667,1000,549.841482
1590.80566,1000,551.956619
1628.185823,1000,553.021264
1629.917092,1000,555.118893
1650.343726,1000,556.209514
1641.137655,1000,558.390095
1619.280599,1000,559.467589
1663.374532,1000,561.567781
1661.745356,1000,562.614446
1677.357584,1000,564.663254
1656.697415,1000,565.713176
1675.502267,1000,567.788023
1700.200566,1000,568.83755
1666.889606,1000,570.912032
1729.834138,1000,571.961003
1722.409182,1000,574.045118
1704.674523,1000,575.101584
1710.462091,1000,577.15752
1693.642271,1000,578.212093
1740.230099,1000,580.2836
1690.868178,1000,581.334549
1706.388828,1000,583.419082
1733.427165,1000,584.47578
1710.707534,1000,586.655086
1742.021307,1000,587.709391
1688.868599,1000,589.773439
1753.596724,1000,590.826424
1751.360265,1000,592.885472
1747.613582,1000,593.941324
1749.780265,1000,596.028867
1733.988023,1000,597.092525
1784.463333,1000,599.20884
1776.757466,1000,600.274097
1760.361514,1000,602.3757
1779.875926,1000,603.429054
1758.383757,1000,604.482001
1783.892747,1000,606.572313
1819.785079,1000,607.628077
1816.803859,1000,609.66412
1829.64352,1000,610.710883
1823.89994,1000,612.780932
1816.711506,1000,613.851214
1789.103675,1000,615.957298
1817.630328,1000,617.023262
1817.518027,1000,619.130881
1841.261862,1000,620.286604
1859.627654,1000,622.406389
1812.974011,1000,623.470219
1847.670285,1000,625.595687
1839.190065,1000,626.64488
1858.333802,1000,628.714952
1866.822927,1000,629.776433
1848.429551,1000,631.930592
1843.996962,1000,632.973945
1832.510936,1000,635.122217
1854.950814,1000,636.166887
1852.693227,1000,638.238016
1860.797336,1000,639.29021
1872.69144,1000,641.358801
1895.209552,1000,642.412635
1885.048719,1000,644.487971
1890.634516,1000,645.547329
1893.101901,1000,647.616709
1915.202672,1000,648.665051
1905.991179,1000,650.729227
1891.218487,1000,651.775114
1907.648665,1000,653.851257
1907.626562,1000,654.929693
1894.214834,1000,657.033666
1901.823,1000,658.102083
1917.29399,1000,660.215814
1958.062669,1000,661.287826
1912.396985,1000,663.383727
1921.991131,1000,664.444676
1955.446562,1000,666.533106
1950.993592,1000,667.582027
1928.464217,1000,669.661965
1955.118912,1000,670.716899
1965.330871,1000,671.768732
1978.061225,1000,673.826049
1951.576972,1000,674.868508
1974.853147,1000,676.955706
1971.48292,1000,677.995392
1998.256229,1000,680.203992
1967.53182,1000,681.243066
1988.163732,1000,683.366976
1996.797327,1000,684.440063
2003.857923,1000,686.55373
2010.621856,1000,687.605767
2014.404641,1000,689.678661
1977.118498,1000,690.736376
2015.424852,1000,692.820408
1997.571182,1000,693.868591
2007.948529,1000,695.954384
2027.862453,1000,696.99399
1983.814677,1000,699.070561
1987.005774,1000,700.145742
2005.12955,1000,702.227522
2026.987703,1000,703.279227
2045.392639,1000,705.371264
2031.043322,1000,706.417715
2023.27126,1000,708.512508
2024.126392,1000,709.579357
2018.599599,1000,711.681072
2026.430799,1000,712.761782
2018.853804,1000,714.87007
2009.177464,1000,715.933579
1981.57178,1000,718.010273
2053.800858,1000,719.062485
2041.881388,1000,721.129314
2023.411378,1000,722.177565
2046.943351,1000,724.233637
2050.806291,1000,725.350103
2030.6798,1000,727.628572
2054.061567,1000,728.694135
2074.797899,1000,730.800234
2078.526112,1000,731.861428
2045.15788,1000,733.934898
2050.706806,1000,734.987345
2072.304814,1000,737.071489
2077.221263,1000,738.135452
2066.062375,1000,739.204427
2066.037539,1000,741.313122
2097.43302,1000,742.362839
2060.122452,1000,744.418606
2087.091026,1000,745.459804
2085.374716,1000,747.536141
2086.34868,1000,748.579909
2113.285231,1000,750.633584
2070.416366,1000,751.679787
2114.751817,1000,753.754557
2110.771174,1000,754.807245
2080.402065,1000,756.883401
2098.304423,1000,757.943554
2107.672129,1000,760.016352
2103.626323,1000,761.068231
2123.606513,1000,763.258488
2080.863599,1000,764.31068
2107.47616,1000,766.405962
2122.111403,1000,767.457692
2133.833944,1000,769.504978
2132.640121,1000,770.56849
2117.207193,1000,772.634104
2111.606894,1000,773.688641
2120.904318,1000,775.77407
2122.654216,1000,776.828188
2129.713773,1000,778.915032
2134.546497,1000,779.966006
2125.247343,1000,782.011095
2143.66952,1000,783.063674
2131.006435,1000,785.110192
2162.572491,1000,786.170833
2145.596204,1000,788.266676
2129.958991,1000,789.333378
2144.312567,1000,791.418051
2166.473802,1000,792.483613
2156.754783,1000,794.567747
2144.989907,1000,795.745796
2160.712868,1000,797.929564
2153.62198,1000,798.992207
2159.124159,1000,801.170414
2180.510388,1000,802.23753
2155.688254,1000,803.291837
2176.780278,1000,805.346526
2154.898675,1000,806.388111
2188.591736,1000,808.453653
2164.248137,1000,809.508367
2191.994847,1000,811.607559
2190.864627,1000,812.647907
2180.142827,1000,814.730499
2185.899928,1000,815.776989
2179.050688,1000,817.860034
2175.629669,1000,818.902263
2202.101281,1000,820.963483
2176.403346,1000,822.007365
2163.436298,1000,824.148983
2194.666491,1000,825.227205
2182.327236,1000,827.339193
2185.3871,1000,828.403177
2224.076928,1000,830.491466
2207.611661,1000,831.541436
2207.541792,1000,833.617604
2207.727093,1000,834.664707
2215.593497,1000,836.713788
2215.024961,1000,837.75812
2198.330834,1000,839.784354
2221.562867,1000,840.840488
2234.39569,1000,842.950046
2211.962971,1000,843.99968
2241.165008,1000,846.080479
2231.108767,1000,847.165829
2223.301533,1000,849.276923
2237.108916,1000,850.329347
2229.158232,1000,852.402385
2213.064043,1000,853.454943
2225.351594,1000,855.652149
2231.601118,1000,856.738532
2244.339105,1000,858.847997
2215.254221,1000,859.916266
2227.544642,1000,862.005649
2235.456012,1000,863.059978
2231.596851,1000,865.175206
2257.696435,1000,866.232187
2210.386003,1000,868.305864
2231.706462,1000,869.37129
2223.63574,1000,870.439373
2231.829578,1000,872.505422
2203.300716,1000,873.548654
2235.448621,1000,875.600508
2226.706541,1000,876.64292
2252.026622,1000,878.723322
2266.607609,1000,879.776299
2263.118515,1000,881.94241
2269.435053,1000,882.984439
2256.037882,1000,885.057768
2242.518774,1000,886.120076
2265.352869,1000,888.271755
2250.578824,1000,889.322448
2254.505835,1000,891.396616
2245.492374,1000,892.454718
2281.802518,1000,894.51903
2263.208623,1000,895.582319
2289.961191,1000,897.680572
2269.737168,1000,898.747016
2277.239367,1000,900.916359
2275.360674,1000,901.980658
2269.504314,1000,904.100473
2264.056382,1000,905.149611
2280.747205,1000,907.216413
2259.214829,1000,908.269655
2270.636404,1000,910.339768
2281.166016,1000,911.415811
2279.6782,1000,913.509799
2265.77889,1000,914.573995
2284.280718,1000,916.673444
2261.492559,1000,917.724112
2267.873668,1000,919.821751
2273.486819,1000,920.890629
2291.179194,1000,922.970147
2270.630612,1000,924.013053
2278.996843,1000,926.090379
2276.15663,1000,927.150931
2254.571042,1000,929.243911
2278.557909,1000,930.31275
2277.362788,1000,932.413937
2288.65126,1000,933.480429
2283.484013,1000,935.59538
2296.794768,1000,936.647549
2285.628532,1000,937.697831
2289.283956,1000,939.792992
2278.084574,1000,940.847137
2285.825456,1000,942.941471
2294.724625,1000,943.992811
2286.504673,1000,946.084481
2284.312058,1000,947.139526
2305.892109,1000,949.208698
2269.758572,1000,950.283852
2285.648073,1000,952.364973
2306.685994,1000,953.426414
2298.13616,1000,955.506776
2309.348008,1000,956.563089
2283.42963,1000,958.660291
2292.767584,1000,959.706128
2273.312043,1000,961.837286
2316.774983,1000,962.905025
2313.692414,1000,965.150166
2283.374204,1000,966.222428
2288.281617,1000,968.310206
2306.304477,1000,969.358653
2287.748616,1000,971.427574
2293.598953,1000,972.477947
2310.174857,1000,974.569848
2304.607222,1000,975.621744
2310.507133,1000,977.691222
2307.105499,1000,978.745773
2304.203829,1000,980.810624
2329.654255,1000,981.872864
2326.226142,1000,983.941119
2321.406768,1000,984.990234
2323.256582,1000,987.061346
2341.269352,1000,988.108565
2336.551629,1000,990.197037
2333.941488,1000,991.262301
2302.643236,1000,993.360063
2316.036639,1000,994.412433
2326.574328,1000,996.484505
2295.707728,1000,997.542691
2316.325897,1000,999.637428
2317.245402,1000,1000.696704
2318.477932,1000,1002.786705
2327.40376,1000,1003.855053
2327.087634,1000,1004.931955
2324.424973,1000,1007.033566
2326.008159,1000,1008.100183
2328.45177,1000,1010.264327
2304.322639,1000,1011.332459
2317.406826,1000,1013.535169
2300.417481,1000,1014.600526
2331.54269,1000,1016.701072
2319.398192,1000,1017.768913
2340.857062,1000,1019.886781
2297.372216,1000,1020.951758
2338.178074,1000,1023.038118
2326.975169,1000,1024.089297
2325.628452,1000,1026.128428
2317.457559,1000,1027.169181
2325.764432,1000,1029.341362
2322.98368,1000,1030.45045
2339.819588,1000,1032.533596
2332.918686,1000,1033.585549
2321.39887,1000,1035.662591
2340.824855,1000,1036.725113
2332.927417,1000,1038.797837
2318.07197,1000,1039.849631
2325.849447,1000,1041.939712
2328.78874,1000,1043.00456
2316.923864,1000,1045.110753
2318.028104,1000,1046.151931
2328.284003,1000,1048.231625
2320.772935,1000,1049.294471
2334.158048,1000,1051.386164
2313.73672,1000,1052.461071
2330.045609,1000,1054.537596
2332.739976,1000,1055.677471
2323.673646,1000,1057.789741
2345.817279,1000,1058.856391
2348.856287,1000,1060.963367
2333.522292,1000,1062.028595
2334.893062,1000,1064.128262
2325.939848,1000,1065.173992
2340.155111,1000,1067.240175
2327.380764,1000,1068.330225
2330.405585,1000,1070.423053
2337.773866,1000,1071.48489
2278.250313,1000,1072.544784
2355.157953,1000,1074.65418
2325.009894,1000,1075.722998
2341.549984,1000,1077.859259
2347.243745,1000,1078.919499
2335.107558,1000,1080.9956
2332.950291,1000,1082.047028
2332.631926,1000,1084.132175
2307.567531,1000,1085.189068
2361.133038,1000,1087.271256
2343.75544,1000,1088.328379
2339.726999,1000,1090.421063
2354.352886,1000,1091.493386
2334.201744,1000,1093.598849
2352.47225,1000,1094.667508
2349.757572,1000,1096.806136
2346.221931,1000,1097.879275
2341.140389,1000,1099.980443
2348.306436,1000,1101.031571
2322.471853,1000,1103.117412
2339.581053,1000,1104.185382
2331.265889,1000,1106.289649
2334.787802,1000,1107.363266
2340.618256,1000,1109.45776
2347.429447,1000,1110.51559
2337.349823,1000,1112.660733
2352.100047,1000,1113.727283
2347.410317,1000,1115.825721
2335.611727,1000,1116.879192
2349.247358,1000,1118.970409
2312.265166,1000,1120.022968
2354.169562,1000,1122.067978
2314.042385,1000,1123.124303
2346.01209,1000,1125.179124
2345.947692,1000,1126.223452
2347.351507,1000,1128.289994
2335.539996,1000,1129.338021
2310.730334,1000,1131.418436
2354.194936,1000,1132.466897
2360.96442,1000,1134.550333
2347.983626,1000,1135.616304
2342.962415,1000,1137.679862
2365.335966,1000,1138.741324
2341.708277,1000,1139.793331
2344.355767,1000,1141.871705
2357.200449,1000,1142.920997
2311.017131,1000,1144.999648
2322.333043,1000,1146.053676
2358.997946,1000,1148.188986
2345.31221,1000,1149.239755
2349.296108,1000,1151.342231
2349.36832,1000,1152.384842
2348.805294,1000,1154.471274
2360.300139,1000,1155.519503
2363.637396,1000,1157.597625
2358.323853,1000,1158.655825
2379.213989,1000,1160.730082
2364.164831,1000,1161.790268
2379.623059,1000,1163.869204
2350.352433,1000,1164.932158
2363.738313,1000,1167.113316
2370.085234,1000,1168.177199
2370.944177,1000,1170.349107
2370.924599,1000,1171.476215
2387.883005,1000,1173.650177
2368.252638,1000,1174.694444
2354.126229,1000,1176.746622
2370.698861,1000,1177.801216
2356.54415,1000,1179.900634
2370.927589,1000,1180.968333
2361.528857,1000,1183.069357
2378.963652,1000,1184.154827
2370.006356,1000,1186.336078
2366.735665,1000,1187.384521
2355.519698,1000,1189.453003
2383.805968,1000,1190.516813
2372.744918,1000,1192.618682
2373.834558,1000,1193.695485
2378.925398,1000,1195.803927
2364.94607,1000,1196.870205
2367.928175,1000,1198.989985
2365.627861,1000,1200.059325
2346.180391,1000,1202.195794
2370.341207,1000,1203.344064
2366.441454,1000,1204.398052
2382.98886,1000,1206.520365
2390.945992,1000,1207.564228
2388.24989,1000,1209.673224
2375.60259,1000,1210.71677
2359.871596,1000,1212.769313
2364.909886,1000,1213.814256
2375.267384,1000,1215.88279
2387.318061,1000,1216.944979
2392.200592,1000,1219.061151
2390.040647,1000,1220.126541
2379.352891,1000,1222.226375
2383.777686,1000,1223.278902
2386.431834,1000,1225.346857
2394.579078,1000,1226.389739
2383.875366,1000,1228.446433
2400.810568,1000,1229.493859
2382.319143,1000,1231.601227
2369.040503,1000,1232.654307
2389.553374,1000,1234.7071
2380.449713,1000,1235.787895
2391.863915,1000,1237.850607
2376.61501,1000,1238.897348
2392.383409,1000,1240.952217
2387.520856,1000,1242.003677
2371.775222,1000,1244.068113
2386.171093,1000,1245.132092
2384.213919,1000,1247.314667
2380.053025,1000,1248.385534
2381.250341,1000,1250.618515
2383.084231,1000,1251.675954
2383.352449,1000,1253.771972
2383.752493,1000,1254.832449
2395.081775,1000,1256.962425
2418.277278,1000,1258.029931
2391.507059,1000,1260.118591
2385.208544,1000,1261.170314
2385.694453,1000,1263.259931
2401.839513,1000,1264.320019
2394.279768,1000,1266.382877
2356.729064,1000,1267.434817
2376.49297,1000,1269.531737
2385.333343,1000,1270.625314
2375.319896,1000,1271.685926
2391.60829,1000,1273.774811
2397.876017,1000,1274.842456
2380.567356,1000,1276.916261
2381.753037,1000,1277.969359
2378.671103,1000,1280.058818
2386.368847,1000,1281.114967
2384.917068,1000,1283.211955
2367.717875,1000,1284.287835
2387.255142,1000,1286.4187
2382.657472,1000,1287.479863
2374.372033,1000,1289.635543
2364.058319,1000,1290.684445
2376.973796,1000,1292.756025
2381.797823,1000,1293.806795
2378.53137,1000,1295.884967
2368.37737,1000,1296.934929
2372.25894,1000,1299.10876
2381.754999,1000,1300.231477
2376.66879,1000,1302.298248
2370.241889,1000,1303.362849
2363.162872,1000,1305.43305
2395.390668,1000,1306.487815
2390.296361,1000,1308.587735
2377.668552,1000,1309.652829
2380.668894,1000,1311.72927
2366.716947,1000,1312.792648
2371.582329,1000,1314.865181
2383.315967,1000,1315.915211
2380.786387,1000,1318.072732
2395.06125,1000,1319.136952
2378.418328,1000,1321.24631
2377.938874,1000,1322.314326
2393.258551,1000,1324.408144
2395.0812,1000,1325.477723
2386.079947,1000,1327.63126
2392.942807,1000,1328.685777
2365.789836,1000,1330.797127
2399.5859,1000,1331.866077
2395.891831,1000,1333.959727
2378.434825,1000,1335.037028
2387.710852,1000,1337.144108
2360.441546,1000,1338.212211
2364.994481,1000,1339.276698
2389.637862,1000,1341.390334
2389.533356,1000,1342.46618
2398.93931,1000,1344.603189
2386.531474,1000,1345.667513
2396.875266,1000,1347.754135
2386.11027,1000,1348.806358
2397.769674,1000,1350.94298
2388.914682,1000,1352.005887
2398.145568,1000,1354.091553
2394.568904,1000,1355.145522
2372.384693,1000,1357.231283
2372.280327,1000,1358.303258
2395.797981,1000,1360.458499
2394.025231,1000,1361.525086
2390.97479,1000,1363.790342
2386.948594,1000,1364.981318
2397.63559,1000,1367.083899
2372.864929,1000,1368.145397
2384.513464,1000,1370.245367
2396.193598,1000,1371.310627
2389.129883,1000,1373.411687
2384.974418,1000,1374.603748
2403.872459,1000,1376.66434
2390.851289,1000,1377.726005
2366.157061,1000,1379.799206
2391.269078,1000,1380.854626
2395.443685,1000,1383.101641
2381.458654,1000,1384.149888
2391.258443,1000,1386.263735
2380.514253,1000,1387.33961
2391.19911,1000,1389.4348
2393.710677,1000,1390.490573
2393.344342,1000,1392.57648
2391.575985,1000,1393.64094
2385.847402,1000,1395.747794
2404.008529,1000,1396.813293
2388.405985,1000,1398.9163
2395.318739,1000,1399.980755
2404.664255,1000,1402.077199
2396.109409,1000,1403.143503
2379.487945,1000,1405.270276
2410.730952,1000,1406.333306
2401.915777,1000,1407.386123
2364.994528,1000,1409.462368
2386.703225,1000,1410.514533
2403.250311,1000,1412.579885
2394.784043,1000,1413.642808
2366.84478,1000,1415.707862
2387.589778,1000,1416.756831
2390.624813,1000,1418.86655
2390.596,1000,1419.916701
2410.366637,1000,1421.989475
2406.913468,1000,1423.041049
2406.207959,1000,1425.147377
2412.203958,1000,1426.204672
2398.848625,1000,1428.308792
2405.29701,1000,1429.369925
2411.026443,1000,1431.437364
2393.616233,1000,1432.486659
2413.717448,1000,1434.692938
2388.742266,1000,1435.76023
2390.015438,1000,1437.865194
2418.013841,1000,1438.92938
2409.597728,1000,1441.014404
2399.901576,1000,1442.066589
2406.638823,1000,1444.141688
2400.977461,1000,1445.202642
2404.474444,1000,1447.291992
2401.719968,1000,1448.346953
2412.8749,1000,1450.448647
2402.48896,1000,1451.513977
2411.794894,1000,1453.622017
2397.267678,1000,1454.788947
2404.689389,1000,1456.893316
2388.802737,1000,1457.938683
2390.49892,1000,1459.992359
2375.968771,1000,1461.048214
2412.445337,1000,1463.120072
2387.635164,1000,1464.171839
2406.451731,1000,1466.24965
2402.355298,1000,1467.31308
2416.312258,1000,1469.498137
2405.221899,1000,1470.561058
2410.693031,1000,1472.633782
2411.06592,1000,1473.701034
2419.987379,1000,1474.764024
2390.644629,1000,1476.890624
2412.344828,1000,1477.956383
2393.281392,1000,1480.052848
2402.955829,1000,1481.104691
2409.121116,1000,1483.257724
2392.382634,1000,1484.344455
2421.86461,1000,1486.464801
2394.637066,1000,1487.531852
2412.992954,1000,1489.637254
2398.23963,1000,1490.711233
2400.359089,1000,1492.844998
2392.271791,1000,1493.9095
2411.532935,1000,1496.003056
2396.360743,1000,1497.060299
2398.054741,1000,1499.16826
2395.28839,1000,1500.244878
2373.224933,1000,1502.372788
2387.340877,1000,1503.438616
2400.502305,1000,1505.528321
2391.134714,1000,1506.59246
2368.40098,1000,1508.740407
2397.268753,1000,1509.794491
2387.063963,1000,1511.897525
2376.750958,1000,1512.948814
2392.381339,1000,1515.038495
2367.543969,1000,1516.095604
2390.948706,1000,1518.172571
2378.008832,1000,1519.223851
2392.669355,1000,1521.437022
2367.627733,1000,1522.479464
2371.155276,1000,1524.538058
2406.832031,1000,1525.579294
2384.733193,1000,1527.633308
2358.857289,1000,1528.678543
2408.959337,1000,1530.738449
2407.38667,1000,1531.805285
2414.873169,1000,1533.875414
2405.35548,1000,1534.926679
2411.386915,1000,1536.998047
2396.144849,1000,1538.046204
2414.265088,1000,1540.118571
2385.803295,1000,1541.176595
2396.109751,1000,1542.233047
2382.22191,1000,1544.33246
2401.901386,1000,1545.400676
2403.084224,1000,1547.520291
2393.872007,1000,1548.587507
2408.434083,1000,1550.70315
2413.593844,1000,1551.773956
2401.786113,1000,1553.890291
2408.323161,1000,1554.942899
2397.817176,1000,1557.044189
2399.130114,1000,1558.085489
2401.530575,1000,1560.305997
2397.620062,1000,1561.467676
2409.72985,1000,1563.70418
2393.835667,1000,1564.772741
2404.188724,1000,1566.881969
2391.234489,1000,1567.96032
2412.929382,1000,1570.06222
2383.485389,1000,1571.141733
2389.978864,1000,1573.242148
2419.30763,1000,1574.307307
2409.888622,1000,1576.459835
2415.13153,1000,1577.653508
2407.042123,1000,1579.79887
2393.02476,1000,1580.86457
2393.642497,1000,1582.993192
2385.307908,1000,1584.046252
2390.464371,1000,1586.115438
2409.654948,1000,1587.174062
2404.676392,1000,1589.243569
2412.458013,1000,1590.299434
2411.649067,1000,1592.366699
2405.86011,1000,1593.427912
2415.860135,1000,1595.510854
2417.451051,1000,1596.551577
2414.574865,1000,1598.610004
2417.568446,1000,1599.666968
2398.086705,1000,1601.742304
2414.539888,1000,1602.807466
2418.00488,1000,1604.930008
2414.653599,1000,1606.017837
2416.142614,1000,1607.081931
2419.398436,1000,1609.205379
2431.627736,1000,1610.285312
2407.586041,1000,1612.373789
2410.283031,1000,1613.427414
2406.266,1000,1615.52542
2417.569796,1000,1616.587851
2405.164313,1000,1618.696032
2424.815114,1000,1619.762676
2427.285093,1000,1621.872798
2405.195054,1000,1622.92661
2423.418116,1000,1624.999982
2425.503242,1000,1626.070515
2408.976065,1000,1628.158603
2411.419882,1000,1629.22047
2414.968768,1000,1631.423577
2403.166454,1000,1632.494586
2414.944867,1000,1634.645288
2419.322832,1000,1635.838171
2410.250694,1000,1638.055463
2425.081414,1000,1639.118312
2416.975527,1000,1641.211662
2419.534528,1000,1642.287852
2417.153478,1000,1644.38651
2420.72128,1000,1645.438176
2419.888381,1000,1647.517217
2422.329829,1000,1648.567582
2415.049577,1000,1650.686134
2414.703098,1000,1651.763023
2432.244952,1000,1653.869457
2426.149642,1000,1654.934879
2420.505323,1000,1657.030165
2421.300104,1000,1658.107901
2431.022308,1000,1660.205947
2429.815097,1000,1661.270356
2439.088679,1000,1663.38519
2411.433577,1000,1664.434227
2424.540701,1000,1666.508227
2421.095073,1000,1667.588268
2437.68111,1000,1669.660303
2422.601955,1000,1670.728205
2427.906543,1000,1672.858099
2403.348212,1000,1673.934517
2424.158174,1000,1675.000573
2426.815547,1000,1677.095144
2417.630907,1000,1678.164076
2416.927797,1000,1680.223932
2419.636342,1000,1681.275178
2414.013328,1000,1683.364508
2408.853537,1000,1684.417125
2386.202641,1000,1686.488491
2402.47843,1000,1687.533003
2393.875018,1000,1689.697794
2376.037845,1000,1690.747639
2407.725822,1000,1692.868907
2402.357494,1000,1693.939261
2404.449863,1000,1696.017892
2421.841979,1000,1697.070962
2419.348625,1000,1699.151749
2411.03871,1000,1700.212511
2417.170598,1000,1702.280776
2410.851353,1000,1703.333519
2411.644321,1000,1705.421861
2406.778283,1000,1706.474802
2407.179141,1000,1708.700197
2421.697039,1000,1709.800707
2407.644079,1000,1712.00281
2408.652956,1000,1713.054535
2402.039574,1000,1715.106225
2413.428428,1000,1716.15538
2411.871831,1000,1718.331931
2400.215145,1000,1719.424656
2407.950931,1000,1721.561126
2413.058064,1000,1722.608497
2430.2015,1000,1724.672482
2418.665475,1000,1725.718186
2434.504304,1000,1727.834057
2427.137028,1000,1728.897299
2423.899835,1000,1730.96914
2412.807268,1000,1732.023421
2399.541989,1000,1734.11894
2416.942642,1000,1735.189241
2417.855302,1000,1737.293693
2417.195126,1000,1738.358507
2409.006508,1000,1740.456892
2431.61551,1000,1741.513163
2426.65835,1000,1742.568084
2427.094432,1000,1744.678006
2421.298127,1000,1745.743123
2413.496298,1000,1747.844976
2437.595152,1000,1748.901106
2416.565912,1000,1750.976292
2420.676494,1000,1752.036835
2429.857758,1000,1754.110493
2427.54798,1000,1755.268256
2420.891198,1000,1757.331873
2430.903243,1000,1758.379876
2407.911734,1000,1760.426297
2433.092961,1000,1761.475566
2418.669969,1000,1763.510633
2425.160969,1000,1764.559166
2421.42943,1000,1766.594442
2436.358008,1000,1767.653978
2431.92766,1000,1769.695917
2433.761515,1000,1770.749959
2426.182683,1000,1772.786563
2430.350598,1000,1773.83947
2417.981949,1000,1775.886837
2407.352629,1000,1776.936086
2397.147854,1000,1778.984324
2418.031308,1000,1780.031893
2423.509196,1000,1782.092136
2408.315108,1000,1783.14708
2410.258376,1000,1785.291167
2405.736489,1000,1786.343629
2406.359771,1000,1788.433268
2409.179129,1000,1789.495991
2410.498108,1000,1791.588614
2408.929704,1000,1792.672226
2395.775698,1000,1794.767106
2389.125605,1000,1795.833067
2393.164819,1000,1797.944694
2391.430812,1000,1799.011951
2397.693011,1000,1801.088808
2390.418762,1000,1802.154275
2409.108714,1000,1804.23095
2422.994355,1000,1805.285082
2410.811029,1000,1807.369223
2407.483633,1000,1808.421553
2401.110169,1000,1809.4722
2399.563431,1000,1811.556598
2410.160704,1000,1812.622623
2406.776197,1000,1814.778146
2392.22062,1000,1815.846975
2385.221081,1000,1817.973368
2394.452585,1000,1819.012855
2403.901772,1000,1821.056535
2407.613513,1000,1822.129727
2416.539748,1000,1824.210182
2412.047827,1000,1825.260771
2413.001516,1000,1827.327933
2397.756409,1000,1828.383254
2408.162777,1000,1830.619404
2420.81889,1000,1831.662489
2415.917856,1000,1833.717735
2425.196465,1000,1834.762101
2413.712106,1000,1836.849901
2403.549424,1000,1837.915798
2420.488798,1000,1840.009341
2423.99292,1000,1841.071117
2424.194664,1000,1843.147189
2410.16362,1000,1844.196013
2417.420111,1000,1846.344572
2403.580693,1000,1847.423934
2402.575478,1000,1849.528004
2409.539614,1000,1850.596002
2422.167435,1000,1852.697752
2410.571716,1000,1853.766241
2423.418643,1000,1855.867514
2433.549901,1000,1856.930342
2421.929507,1000,1859.024142
2432.43146,1000,1860.086942
2415.87569,1000,1862.186108
2421.154677,1000,1863.250063
2418.518762,1000,1865.371727
2431.522531,1000,1866.424218
2427.08312,1000,1868.503304
2422.397605,1000,1869.546396
2413.965804,1000,1871.626104
2427.905278,1000,1872.680667
2416.241674,1000,1874.752681
2404.973456,1000,1875.801383
2411.429504,1000,1876.853035
2418.465126,1000,1878.926763
2414.342404,1000,1879.974291
2399.256629,1000,1882.012988
2419.056822,1000,1883.064092
2417.949047,1000,1885.108675
2411.058415,1000,1886.163409
2430.532884,1000,1888.227191
2433.522112,1000,1889.278193
2419.614062,1000,1891.347905
2424.073365,1000,1892.39893
2414.561714,1000,1894.510728
2429.527853,1000,1895.576179
2408.537343,1000,1897.659705
2416.82342,1000,1898.733392
2421.627795,1000,1900.805295
2432.152721,1000,1901.871155
2422.252242,1000,1903.948196
2429.989912,1000,1905.00027
2415.463003,1000,1907.072395
2419.706289,1000,1908.115699
2411.360726,1000,1910.179615
2428.082075,1000,1911.220718
2429.406104,1000,1913.271811
2450.26551,1000,1914.315655
2430.302618,1000,1916.398387
2440.073145,1000,1917.45352
2412.568844,1000,1919.532948
2427.097489,1000,1920.600276
2441.166135,1000,1922.71349
2434.048129,1000,1923.771548
2426.010985,1000,1925.850232
2428.77199,1000,1926.914191
2438.40382,1000,1929.008511
2439.160437,1000,1930.077248
2454.137706,1000,1932.17312
2431.377519,1000,1933.240281
2441.071373,1000,1935.346013
2414.965529,1000,1936.39446
2432.588736,1000,1938.458616
2436.008402,1000,1939.513356
2432.323,1000,1941.591436
2423.7458,1000,1942.631995
2412.638984,1000,1943.675224
2433.852186,1000,1945.715902
2418.770408,1000,1946.768165
2420.069822,1000,1948.859352
2415.718888,1000,1949.908927
2434.670091,1000,1952.128561
2399.409953,1000,1953.180995
2425.692933,1000,1955.280162
2414.841845,1000,1956.328733
2432.541032,1000,1958.409647
2418.265484,1000,1959.475237
2403.620118,1000,1961.55652
2425.870643,1000,1962.61993
2427.937444,1000,1964.725262
2429.493165,1000,1965.789324
2432.763303,1000,1967.926241
2431.645519,1000,1968.980196
2435.984251,1000,1971.065341
2432.760787,1000,1972.131299
2436.315392,1000,1974.226618
2435.504997,1000,1975.278249
2429.725608,1000,1977.349935
2441.368659,1000,1978.403722
2435.64089,1000,1980.466973
2433.017666,1000,1981.524222
2423.505402,1000,1983.629182
2440.009267,1000,1984.678685
2442.479796,1000,1986.745874
2453.562704,1000,1987.796673
2431.552969,1000,1989.879048
2424.270203,1000,1990.929882
2431.516501,1000,1993.070619
2444.720982,1000,1994.145331
2450.289998,1000,1996.241194
2433.74097,1000,1997.292205
2442.151107,1000,1999.353033
2444.315703,1000,2000.402145
2438.277478,1000,2002.481691
2442.743102,1000,2003.530742
2448.956445,1000,2005.603264
2419.933516,1000,2006.656062
2435.968867,1000,2007.707963
2434.933485,1000,2009.834844
2431.768945,1000,2010.892414
2448.182939,1000,2012.962873
2451.006591,1000,2014.015072
2443.039237,1000,2016.152178
2430.599566,1000,2017.211447
2447.039861,1000,2019.27966
2423.058388,1000,2020.333818
2429.800084,1000,2022.431439
2429.600686,1000,2023.484657
2439.225069,1000,2025.602326
2455.247215,1000,2026.667021
2435.025551,1000,2028.765373
2445.963929,1000,2029.831151
2430.277685,1000,2031.932569
2442.242948,1000,2033.007755
2435.683704,1000,2035.072256
2420.545034,1000,2036.134937
2418.634856,1000,2038.221717
2428.963731,1000,2039.285407
2431.203419,1000,2041.364143
2435.834504,1000,2042.404822
2416.966093,1000,2044.508116
2428.360618,1000,2045.547375
2429.864102,1000,2047.62649
2417.109563,1000,2048.678977
2430.37565,1000,2050.76222
2411.540816,1000,2051.812198
2410.230624,1000,2053.896832
2406.043415,1000,2054.947164
2398.715113,1000,2057.018884
2399.856189,1000,2058.070456
2401.866702,1000,2060.150822
2430.060954,1000,2061.204238
2436.431198,1000,2063.300836
2419.712306,1000,2064.35541
2425.406796,1000,2066.419606
2427.696604,1000,2067.471116
2422.333198,1000,2069.611081
2436.594588,1000,2070.66312
2430.004301,1000,2072.732428
2422.503481,1000,2073.779532
2433.692298,1000,2074.828309
2428.150624,1000,2076.915869
2425.820107,1000,2077.967455
2436.259704,1000,2080.063209
2436.960319,1000,2081.114908
2458.186536,1000,2083.186615
2405.718052,1000,2084.240411
2423.788294,1000,2086.327421
2431.656322,1000,2087.392984
2415.134543,1000,2089.487201
2437.55629,1000,2090.548326
2426.18612,1000,2092.648445
2426.192745,1000,2093.71492
2410.852764,1000,2095.809047
2419.602852,1000,2096.872064
2420.909757,1000,2099.012715
2427.946544,1000,2100.075374
2418.626896,1000,2102.191
2408.044001,1000,2103.256114
2414.362169,1000,2105.33156
2419.247905,1000,2106.384378
2449.775433,1000,2108.462359
2424.967817,1000,2109.517477
2430.163592,1000,2111.620954
2427.358864,1000,2112.685932
2436.65173,1000,2114.902107
2428.719784,1000,2116.057324
2441.866541,1000,2118.149564
2430.662146,1000,2119.219004
2433.01144,1000,2121.322922
2434.600985,1000,2122.364928
2446.531323,1000,2124.418877
2413.856522,1000,2125.481169
2429.74701,1000,2127.55618
2424.073436,1000,2128.622581
2427.614273,1000,2130.740111
2390.924299,1000,2131.803508
2439.83308,1000,2133.94472
2419.684019,1000,2135.013289
2423.785029,1000,2137.082402
2409.387281,1000,2138.123187
2385.767151,1000,2140.203839
2428.213728,1000,2141.271696
2418.81272,1000,2142.34303
2442.249504,1000,2144.414057
2449.424429,1000,2145.464579
2426.75023,1000,2147.553165
2432.969226,1000,2148.606447
2431.172178,1000,2150.69692
2439.216545,1000,2151.748421
2416.611433,1000,2153.845346
2420.715529,1000,2154.910165
2436.997128,1000,2156.995017
2449.433104,1000,2158.043111
2423.549374,1000,2160.099763
2432.13779,1000,2161.143602
2438.161088,1000,2163.217336
2434.910592,1000,2164.27009
2424.661566,1000,2166.34817
2426.967208,1000,2167.398822
2432.008979,1000,2169.467189
2415.638285,1000,2170.517249
2431.220373,1000,2172.592983
2430.742607,1000,2173.672335
2432.501649,1000,2175.850224
2434.582564,1000,2176.904676
2433.259018,1000,2179.047868
2432.186471,1000,2180.218176
2440.571344,1000,2182.308638
2437.380196,1000,2183.3594
2423.666213,1000,2185.441624
2430.483546,1000,2186.496058
2429.468691,1000,2188.55768
2431.336918,1000,2189.610659
2422.191545,1000,2191.810226
2437.328046,1000,2192.859993
2425.240372,1000,2194.927848
2433.694551,1000,2195.976332
2428.616875,1000,2198.179227
2454.238615,1000,2199.241299
2440.814007,1000,2201.334887
2422.267173,1000,2202.395251
2438.54463,1000,2204.483715
2433.80373,1000,2205.552376
2435.149768,1000,2207.647153
2391.355954,1000,2208.712016
2437.161867,1000,2209.780509
2438.74624,1000,2211.875803
2434.349088,1000,2212.943494
2445.473506,1000,2215.040843
2439.644395,1000,2216.102136
2440.435764,1000,2218.204584
2422.64352,1000,2219.276232
2433.90978,1000,2221.40037
2435.009518,1000,2222.46251
2430.856099,1000,2224.550707
2446.185109,1000,2225.618852
2447.632474,1000,2227.801771
2440.278508,1000,2228.938939
2429.271241,1000,2231.266562
2436.995166,1000,2232.41408
2428.46299,1000,2234.508996
2438.747056,1000,2235.573029
2425.698905,1000,2237.678877
2447.762546,1000,2238.842096
2441.342473,1000,2240.922765
2435.773074,1000,2241.978029
2426.974439,1000,2244.068475
2433.278981,1000,2245.140494
2430.827433,1000,2247.222005
2440.720801,1000,2248.286533
2432.277214,1000,2250.396798
2442.983792,1000,2251.459736
2439.035463,1000,2253.568857
2438.242267,1000,2254.610352
2457.57527,1000,2256.636322
2445.304856,1000,2257.678059
2441.083041,1000,2259.691535
2438.369336,1000,2260.74086
2441.110053,1000,2262.756438
2454.088276,1000,2263.793888
2444.236241,1000,2265.830097
2453.483193,1000,2266.87475
2423.596117,1000,2268.932325
2458.760656,1000,2269.976919
2454.55904,1000,2272.040675
2414.422727,1000,2273.095996
2451.214849,1000,2275.190544
2446.697713,1000,2276.254377
2431.579261,1000,2277.304028
2429.958723,1000,2279.386524
2428.848995,1000,2280.452811
2449.125768,1000,2282.526839
2439.758745,1000,2283.588214
2429.550827,1000,2285.661677
2446.296109,1000,2286.710519
2455.369991,1000,2288.794214
2424.247503,1000,2289.843813
2448.792276,1000,2291.937012
2440.519223,1000,2292.997873
2414.387955,1000,2295.081586
2442.738891,1000,2296.148511
2414.398961,1000,2298.236958
2435.903307,1000,2299.298483
2424.420023,1000,2301.392578
2421.060578,1000,2302.460584
2402.598155,1000,2304.551881
2453.226412,1000,2305.615497
2432.368287,1000,2307.716191
2437.916813,1000,2308.769136
2436.736747,1000,2310.838282
2435.203047,1000,2311.887332
2415.706721,1000,2313.996065
2441.828309,1000,2315.112488
2415.837032,1000,2317.342261
2439.926691,1000,2318.412107
2423.01425,1000,2320.50461
2427.870306,1000,2321.569088
2436.695359,1000,2323.766456
2423.651321,1000,2324.830659
2440.773126,1000,2326.927702
2441.655106,1000,2327.994872
2440.416894,1000,2330.094848
2437.177364,1000,2331.155238
2431.188812,1000,2333.266784
2423.216192,1000,2334.331321
2430.726986,1000,2336.41744
2442.947552,1000,2337.483102
2427.673571,1000,2339.60631
2435.492491,1000,2340.66035
2442.947146,1000,2342.734589
2443.573195,1000,2343.798464
2450.807372,1000,2344.863264
2439.111495,1000,2346.960383
2434.430379,1000,2348.012074
2444.139701,1000,2350.102392
2439.02506,1000,2351.158665
2443.653167,1000,2353.397753
2434.238244,1000,2354.464022
2437.302707,1000,2356.641431
2439.614155,1000,2357.685596
2445.64664,1000,2359.748873
2445.253079,1000,2360.803381
2453.171445,1000,2362.884437
2447.629782,1000,2363.93944
2449.815721,1000,2366.020505
2448.816197,1000,2367.068439
2454.338766,1000,2369.135978
2452.118646,1000,2370.199879
2430.550002,1000,2372.262157
2437.797221,1000,2373.314178
2438.057878,1000,2375.384333
2419.308265,1000,2376.435762
2451.528548,1000,2378.504757
2447.779856,1000,2379.567175
2451.689591,1000,2381.641128
2436.090016,1000,2382.71046
2434.262841,1000,2384.782412
2440.147134,1000,2385.847975
2434.623397,1000,2387.92055
2449.592199,1000,2388.972498
2435.973342,1000,2391.154727
2448.479559,1000,2392.277786
2456.983121,1000,2394.401092
2446.333193,1000,2395.473186
2450.070614,1000,2397.552583
2455.771722,1000,2398.618579
2461.538817,1000,2400.781233
2453.259872,1000,2401.854839
2446.349577,1000,2403.989457
2450.862736,1000,2405.054233
2441.187191,1000,2407.149594
2444.314478,1000,2408.192802
2450.976712,1000,2409.242406
2459.586543,1000,2411.32047
2451.848449,1000,2412.376546
2442.214783,1000,2414.474252
2443.625147,1000,2415.541694
2440.051864,1000,2417.679026
2438.452086,1000,2418.732863
2453.80151,1000,2420.808277
2452.196149,1000,2421.861503
2447.719422,1000,2423.957121
2444.708052,1000,2425.033096
2447.72335,1000,2427.136865
2435.29355,1000,2428.185455
2454.437314,1000,2430.279339
2457.778914,1000,2431.346784
2426.699751,1000,2433.459961
2459.422029,1000,2434.523471
2453.647658,1000,2436.619399
2439.510954,1000,2437.68383
2445.663654,1000,2439.779809
2454.950103,1000,2440.849117
2442.395857,1000,2442.928331
2430.078622,1000,2443.979438
2453.574955,1000,2446.063693
2428.497055,1000,2447.115818
2447.663026,1000,2449.276168
2465.592535,1000,2450.329111
2447.409731,1000,2452.473398
2439.777246,1000,2453.538189
2454.907982,1000,2455.649569
2456.716209,1000,2456.71225
2441.825502,1000,2458.797156
2448.829117,1000,2459.864659
2435.508067,1000,2461.961884
2444.708123,1000,2463.028325
2425.931215,1000,2465.134717
2434.775589,1000,2466.201336
2456.541796,1000,2468.305302
2449.808781,1000,2469.359361
2440.752533,1000,2471.517657
2448.327902,1000,2472.583341
2455.169296,1000,2474.67639
2441.468152,1000,2475.728316
2447.92028,1000,2476.792089
2457.639995,1000,2478.860202
2449.317291,1000,2479.920917
2449.365333,1000,2482.007388
2436.768018,1000,2483.056219
2450.388263,1000,2485.141128
2460.621491,1000,2486.195339
2449.63961,1000,2488.279897
2452.10011,1000,2489.327941
2444.563225,1000,2491.393347
2441.300761,1000,2492.443932
2450.181718,1000,2494.553704
2446.519294,1000,2495.628385
2437.321325,1000,2497.72345
2454.797885,1000,2498.789688
2453.879123,1000,2500.875719
2449.35781,1000,2501.927948
2456.223643,1000,2504.050749
2464.679818,1000,2505.100862
2459.519164,1000,2507.220328
2451.13743,1000,2508.281723
2449.549451,1000,2510.366963
2460.979748,1000,2511.440154
2448.740074,1000,2513.519528
2445.733871,1000,2514.598492
2445.088904,1000,2516.737853
2449.83926,1000,2517.788786
2444.645582,1000,2519.872153
2444.909005,1000,2520.925619
2452.778855,1000,2523.008984
2460.431916,1000,2524.065544
2461.6273,1000,2526.201983
2447.631364,1000,2527.254399
2457.014135,1000,2529.325109
2448.343841,1000,2530.391446
2468.421769,1000,2532.480027
2446.371719,1000,2533.528351
2442.918364,1000,2535.608151
2448.687833,1000,2536.652459
2453.022767,1000,2538.707199
2454.320514,1000,2539.749949
2449.403132,1000,2541.960388
2440.771406,1000,2543.037041
2452.796834,1000,2544.098467
2443.077732,1000,2546.194058
2434.007309,1000,2547.264379
2451.867683,1000,2549.366382
2430.770039,1000,2550.43412
2453.807157,1000,2552.520097
2435.543354,1000,2553.571805
2440.423655,1000,2555.641545
2440.696967,1000,2556.693041
2450.824049,1000,2558.764796
2451.947766,1000,2559.814147
2457.889217,1000,2561.89609
2461.168422,1000,2562.95894
2461.547218,1000,2565.049215
2462.292261,1000,2566.118092
2449.801514,1000,2568.212955
2452.74223,1000,2569.279219
2439.901972,1000,2571.376763
2451.698449,1000,2572.442457
2453.228963,1000,2574.639137
2423.459417,1000,2575.831142
2457.243182,1000,2577.988188
2459.747635,1000,2579.040827
2461.877244,1000,2581.114206
2450.024795,1000,2582.190935
2458.937564,1000,2584.29259
2460.714469,1000,2585.357851
2452.866059,1000,2587.449818
2456.589774,1000,2588.504586
2458.141365,1000,2590.618028
2452.362894,1000,2591.669306
2464.721388,1000,2593.771801
2465.792626,1000,2594.83624
2465.682035,1000,2596.944512
2431.895835,1000,2598.020864
2445.906784,1000,2600.106655
2444.497354,1000,2601.157728
2450.128084,1000,2603.228311
2454.932511,1000,2604.280206
2431.191909,1000,2606.356403
2445.990198,1000,2607.398638
2451.701114,1000,2609.448985
2466.130725,1000,2610.487726
2423.776591,1000,2611.528355
2457.511854,1000,2613.602949
2465.983335,1000,2614.646371
2453.68448,1000,2616.698487
2437.141626,1000,2617.739701
2479.084066,1000,2619.945188
2452.61519,1000,2620.996838
2456.362673,1000,2623.061115
2448.134985,1000,2624.109502
2453.432365,1000,2626.229739
2446.047268,1000,2627.291429
2454.622869,1000,2629.399441
2462.367003,1000,2630.462614
2449.521187,1000,2632.561281
2452.788613,1000,2633.623564
2456.201933,1000,2635.723812
2446.419241,1000,2636.802754
2432.155687,1000,2638.886483
2435.903023,1000,2639.935171
2442.163168,1000,2641.999885
2428.398246,1000,2643.039491
2462.192188,1000,2645.09396
2451.134836,1000,2646.135368
2426.260288,1000,2648.183119
2443.859223,1000,2649.222511
2441.310786,1000,2651.291775
2455.007985,1000,2652.333587
2457.511874,1000,2654.422276
2451.514888,1000,2655.472535
2452.233813,1000,2657.54576
2450.787512,1000,2658.600928
2447.739978,1000,2660.670394
2450.3711,1000,2661.720927
2445.274553,1000,2663.799466
2439.85028,1000,2664.861283
2432.850928,1000,2666.959603
2428.103449,1000,2668.019433
2443.762242,1000,2670.087893
2431.180633,1000,2671.14094
2434.060912,1000,2673.381265
2461.559524,1000,2674.433782
2444.636999,1000,2676.510766
2428.854931,1000,2677.579645
2432.143727,1000,2678.645482
2450.979194,1000,2680.756394
2453.5617,1000,2681.820518
2465.376377,1000,2683.91718
2446.940834,1000,2684.983297
2464.522245,1000,2687.110516
2460.464598,1000,2688.180203
2441.417587,1000,2690.265566
2460.556497,1000,2691.33288
2433.686341,1000,2693.468833
2454.819594,1000,2694.519084
2445.969843,1000,2696.58501
2418.793683,1000,2697.637357
2452.740757,1000,2699.72474
2454.99564,1000,2700.789839
2465.5181,1000,2702.890065
2473.313329,1000,2703.942911
2465.171264,1000,2706.047505
2464.209458,1000,2707.116644
2459.248034,1000,2709.197239
2480.135915,1000,2710.243482
2469.014866,1000,2712.297504
2445.837693,1000,2713.339473
2455.839077,1000,2715.401495
2478.651976,1000,2716.454034
2458.364371,1000,2718.568641
2464.268153,1000,2719.613384
2463.248667,1000,2721.698805
2451.042689,1000,2722.753654
2453.968963,1000,2724.866117
2457.437994,1000,2725.930409
2446.109886,1000,2728.030051
2457.542995,1000,2729.098294
2454.617086,1000,2731.19632
2451.199216,1000,2732.249218
2440.518017,1000,2734.295008
2463.335522,1000,2735.345072
2463.85943,1000,2737.384471
2470.925346,1000,2738.506592
2448.622965,1000,2740.553172
2459.289139,1000,2741.608239
2442.164326,1000,2743.653209
2475.497092,1000,2744.70809
2467.796182,1000,2745.772812
2450.786093,1000,2747.879893
2455.073904,1000,2748.945716
2455.024728,1000,2751.024937
2470.609042,1000,2752.149084
2455.760629,1000,2754.262993
2466.318689,1000,2755.316177
2466.36037,1000,2757.460551
2463.680868,1000,2758.514789
2473.221399,1000,2760.60476
2455.981874,1000,2761.67298
2444.40847,1000,2763.763322
2460.674591,1000,2764.833521
2468.721213,1000,2766.957718
2471.128594,1000,2768.015218
2462.448887,1000,2770.109725
2466.477915,1000,2771.163263
2442.636584,1000,2773.26262
2444.603354,1000,2774.327838
2457.273057,1000,2776.457377
2470.06466,1000,2777.531756
2475.579484,1000,2779.644925
2475.643703,1000,2780.699058
2447.139914,1000,2782.781292
2453.945067,1000,2783.847354
2447.000382,1000,2785.94813
2449.9888,1000,2787.081263
2431.80988,1000,2789.275046
2444.291024,1000,2790.340138
2458.014621,1000,2792.434556
2442.583642,1000,2793.492136
2461.815782,1000,2795.582827
2462.973367,1000,2796.632256
2467.529196,1000,2798.737204
2467.887086,1000,2799.812106
2457.860144,1000,2801.949573
2460.591062,1000,2803.015228
2463.120042,1000,2805.16186
2459.451147,1000,2806.218821
2454.580961,1000,2808.300032
2465.801638,1000,2809.363434
2462.185738,1000,2810.415097
2454.934403,1000,2812.489709
2457.317852,1000,2813.544602
2487.144145,1000,2815.625336
2466.936398,1000,2816.68869
2473.853349,1000,2818.763862
2470.919812,1000,2819.820446
2481.541859,1000,2821.964526
2483.065583,1000,2823.013162
2476.582683,1000,2825.068354
2478.194124,1000,2826.12042
2479.283461,1000,2828.160863
2465.181354,1000,2829.210442
2471.279467,1000,2831.275491
2469.390583,1000,2832.338332
2457.898545,1000,2834.41126
2475.874357,1000,2835.462744
2464.010602,1000,2837.564685
2480.907903,1000,2838.617739
2477.211639,1000,2840.703723
2474.819883,1000,2841.757714
2475.636932,1000,2843.828701
2470.446989,1000,2844.879242
2477.265401,1000,2846.965037
2467.146107,1000,2848.029052
2477.638949,1000,2850.123524
2466.647933,1000,2851.175502
2475.446974,1000,2853.251722
2460.48959,1000,2854.318266
2472.558862,1000,2856.426794
2467.478582,1000,2857.502411
2467.160574,1000,2859.592579
2474.230114,1000,2860.656466
2469.832688,1000,2862.743813
2476.719257,1000,2863.807675
2468.292037,1000,2865.896722
2449.565357,1000,2866.952809
2457.70875,1000,2869.028471
2441.797456,1000,2870.096007
2461.340703,1000,2872.185931
2467.615304,1000,2873.253582
2462.976182,1000,2875.345862
2451.811655,1000,2876.387685
2433.418408,1000,2877.428751
2469.793398,1000,2879.59759
2447.459387,1000,2880.642495
2453.418715,1000,2882.728524
2459.571785,1000,2883.792928
2464.53881,1000,2885.89378
2472.475983,1000,2886.959712
2447.416887,1000,2889.056475
2452.816224,1000,2890.121805
2463.580797,1000,2892.217432
2470.394234,1000,2893.284157
2464.561488,1000,2895.392853
2469.071777,1000,2896.453899
2470.63074,1000,2898.558746
2486.838088,1000,2899.626368
2496.912489,1000,2901.719185
2476.909062,1000,2902.798079
2467.666609,1000,2904.915582
2470.274854,1000,2905.968255
2466.727597,1000,2908.04164
2481.737097,1000,2909.09417
2464.750858,1000,2911.171148
2480.551224,1000,2912.224887
2459.918474,1000,2914.307014
2449.753553,1000,2915.373742
2466.52285,1000,2917.449772
2475.546829,1000,2918.496404
2472.318717,1000,2920.548897
2474.073724,1000,2921.59282
2472.652372,1000,2923.707247
2481.865011,1000,2924.874099
2468.998476,1000,2926.953011
2457.461897,1000,2928.006564
2474.103982,1000,2930.086794
2478.831787,1000,2931.142743
2471.998846,1000,2933.230583
2473.376684,1000,2934.294433
2473.265754,1000,2936.374853
2472.190442,1000,2937.457468
2480.828024,1000,2939.557345
2467.779529,1000,2940.603431
2460.263565,1000,2942.654075
2461.450492,1000,2943.696888
2461.902185,1000,2944.737092
2483.434271,1000,2946.94153
2468.068621,1000,2948.005681
2458.207741,1000,2950.239003
2473.082425,1000,2951.295393
2468.660726,1000,2953.386532
2470.84585,1000,2954.454129
2468.763064,1000,2956.550588
2472.864987,1000,2957.629439
2468.004062,1000,2959.722686
2481.922835,1000,2960.791436
2458.714085,1000,2962.857119
2458.212791,1000,2963.900562
2473.279777,1000,2965.968878
2467.062066,1000,2967.012557
2463.204994,1000,2969.07934
2442.828365,1000,2970.181766
2465.1623,1000,2972.37717
2460.295702,1000,2973.43479
2464.51874,1000,2975.506408
2465.689288,1000,2976.556393
2464.741055,1000,2978.614353
2434.142006,1000,2979.664641
2469.170605,1000,2981.709448
2473.211176,1000,2982.766298
2438.785491,1000,2984.874465
2471.400777,1000,2985.939165
2437.086088,1000,2988.009921
2457.195615,1000,2989.053575
2464.395396,1000,2991.105937
2468.070942,1000,2992.148631
2454.55529,1000,2994.205398
2479.567124,1000,2995.251428
2466.9024,1000,2997.301831
2449.110923,1000,2998.352606
2455.189154,1000,3000.436282
2482.163509,1000,3001.492079
2465.018134,1000,3003.650666
2478.040687,1000,3004.72378
2476.495131,1000,3006.847957
2478.217816,1000,3007.892099
2461.998168,1000,3009.970803
2455.939135,1000,3011.011925
2475.662058,1000,3012.061467
2477.197411,1000,3014.12356
2469.694783,1000,3015.16568
2464.480793,1000,3017.339054
2475.161793,1000,3018.512336
2464.209907,1000,3020.573557
2451.206005,1000,3021.623679
2460.410466,1000,3023.667356
2470.999874,1000,3024.721994
2460.687984,1000,3026.76396
2465.969027,1000,3027.834452
2472.025667,1000,3029.919133
2467.184156,1000,3030.968317
2465.675041,1000,3033.032128
2463.696778,1000,3034.078764
2472.648433,1000,3036.162331
2465.347728,1000,3037.214149
2454.472436,1000,3039.286593
2473.770399,1000,3040.34701
2463.853588,1000,3042.426774
2484.035866,1000,3043.481765
2463.458515,1000,3045.56002
2454.440102,1000,3046.623007
2454.663133,1000,3048.718104
2482.165784,1000,3049.781605
2487.439025,1000,3051.882261
2460.089497,1000,3052.946904
2484.832377,1000,3055.03797
2479.252491,1000,3056.09857
2476.337999,1000,3058.200531
2476.458085,1000,3059.260056
2470.689408,1000,3061.33441
2459.507409,1000,3062.386464
2471.537744,1000,3064.460804
2450.104289,1000,3065.52399
2473.990595,1000,3067.624485
2468.52267,1000,3068.688658
2478.699004,1000,3070.775133
2462.108127,1000,3071.905038
2468.142919,1000,3074.233424
2461.726021,1000,3075.309134
2463.336636,1000,3077.394361
2478.847433,1000,3078.464164
2466.306397,1000,3079.529388
2462.157938,1000,3081.61432
2453.665625,1000,3082.674201
2450.673384,1000,3084.739853
2456.337086,1000,3085.804003
2464.593456,1000,3087.882073
2473.881508,1000,3088.927724
2452.961549,1000,3091.000726
2461.359362,1000,3092.052882
2468.255426,1000,3094.127869
2475.230487,1000,3095.178846
2480.821264,1000,3097.262296
2456.927242,1000,3098.315155
2471.311127,1000,3100.44353
2442.645375,1000,3101.507964
2458.599709,1000,3103.587759
2445.446001,1000,3104.637199
2414.889664,1000,3106.737509
2428.665507,1000,3107.800046
2474.262959,1000,3109.90148
2460.433503,1000,3110.970507
2463.588449,1000,3113.065144
2456.915911,1000,3114.134497
2454.613726,1000,3116.247223
2462.795804,1000,3117.299264
2472.284572,1000,3119.400902
2478.049186,1000,3120.476158
2462.841975,1000,3122.553443
2458.277189,1000,3123.606711
2455.06296,1000,3125.710253
2459.218264,1000,3126.753627
2460.865395,1000,3128.810183
2476.196879,1000,3129.855515
2470.360704,1000,3131.912396
2467.081632,1000,3132.955209
2474.638565,1000,3135.068024
2476.250654,1000,3136.112961
2480.242431,1000,3138.166127
2472.331845,1000,3139.20425
2480.336935,1000,3141.266319
2482.569427,1000,3142.331809
2480.20179,1000,3144.421682
2476.002134,1000,3145.471967
2486.226917,1000,3146.518569
2455.81349,1000,3148.601853
2453.012214,1000,3149.655091
2459.037313,1000,3151.772399
2475.089192,1000,3152.939273
2447.588541,1000,3155.046826
2451.725679,1000,3156.118425
2456.855094,1000,3158.21901
2462.141166,1000,3159.287162
2473.091547,1000,3161.394075
2454.863455,1000,3162.455163
2458.901375,1000,3164.556971
2469.402937,1000,3165.613382
2478.354337,1000,3167.745781
2462.550663,1000,3168.818565
2468.029885,1000,3170.892689
2466.09388,1000,3171.942679
2453.208521,1000,3174.006896
2466.663682,1000,3175.058056
2460.724541,1000,3177.116518
2463.161857,1000,3178.168856
2474.423154,1000,3180.254826
2471.259103,1000,3181.302399
2493.526313,1000,3183.389166
2473.695504,1000,3184.454729
2474.943341,1000,3186.534266
2475.216149,1000,3187.596683
2469.621458,1000,3189.708755
2475.730306,1000,3190.760858
2483.54652,1000,3192.828091
2470.071486,1000,3193.881352
2489.177915,1000,3195.963242
2483.762198,1000,3197.011843
2477.740029,1000,3199.116367
2492.458561,1000,3200.187162
2485.060423,1000,3202.285171
2484.366408,1000,3203.351305
2479.519221,1000,3205.457857
2476.687566,1000,3206.509278
2476.262111,1000,3208.573264
2472.694246,1000,3209.623143
2485.078414,1000,3210.672546
2476.693761,1000,3212.740214
2491.016787,1000,3213.794033
2485.461212,1000,3215.866348
2486.682921,1000,3216.917771
2470.716998,1000,3218.987643
2494.426393,1000,3220.040823
2481.542501,1000,3222.124701
2486.763397,1000,3223.176527
2472.612769,1000,3225.236607
2481.196725,1000,3226.277955
2485.206042,1000,3228.331454
2489.164705,1000,3229.374314
2485.184408,1000,3231.458645
2494.527893,1000,3232.500006
2473.721092,1000,3234.557878
2468.998321,1000,3235.621922
2484.220075,1000,3237.79267
2472.526714,1000,3238.869431
2496.263738,1000,3240.953792
2478.281779,1000,3242.006135
2495.295825,1000,3244.093468
2472.002752,1000,3245.141654
2496.281531,1000,3247.257624
2486.461501,1000,3248.442766
2490.816109,1000,3250.573863
2483.555083,1000,3251.633934
2476.510175,1000,3253.695315
2485.336369,1000,3254.768926
2475.677382,1000,3256.861456
2469.981006,1000,3257.935298
2490.353833,1000,3260.034355
2490.800532,1000,3261.08095
2479.335351,1000,3263.139205
2488.572219,1000,3264.192113
2483.487798,1000,3266.23185
2460.636162,1000,3267.280341
2466.665625,1000,3269.321157
2482.378013,1000,3270.382518
2431.359308,1000,3272.474119
2483.436741,1000,3273.525072
2495.195504,1000,3275.620619
2485.191851,1000,3276.687755
2491.539489,1000,3277.764764
2476.102047,1000,3279.865397
2486.703071,1000,3280.932999
2494.678008,1000,3282.975826
2475.342987,1000,3284.027322
2489.290646,1000,3286.119039
2484.168222,1000,3287.17658
2463.819863,1000,3289.294623
2464.625011,1000,3290.355974
2480.982257,1000,3292.444811
2457.044178,1000,3293.514575
2472.239412,1000,3295.601866
2481.167627,1000,3296.662732
2487.09828,1000,3298.732418
2481.254273,1000,3299.769496
2487.408706,1000,3301.884297
2473.546805,1000,3302.931584
2475.875328,1000,3305.019346
2487.660962,1000,3306.079929
2472.956128,1000,3308.170177
2482.127186,1000,3309.244116
2474.484727,1000,3311.329176
2499.782198,1000,3312.392254
2480.082923,1000,3314.481802
2489.215986,1000,3315.542229
2495.508905,1000,3317.681055
2467.304496,1000,3318.740157
2482.073792,1000,3320.816413
2482.178494,1000,3321.863008
2484.129502,1000,3323.923539
2499.503195,1000,3325.041032
2472.433134,1000,3327.123032
2484.537573,1000,3328.173968
2492.105827,1000,3330.219867
2481.004329,1000,3331.276515
2463.012537,1000,3333.330579
2494.904145,1000,3334.383788
2499.423668,1000,3336.460761
2500.120896,1000,3337.50149
2500.72739,1000,3339.575791
2485.587782,1000,3340.643781
2493.536298,1000,3342.708066
2495.760678,1000,3343.758775
2474.441334,1000,3344.816791
2498.695662,1000,3346.884318
2487.586022,1000,3347.94251
2483.662642,1000,3350.013749
2487.63743,1000,3351.061565
2479.90158,1000,3353.160173
2492.991998,1000,3354.224445
2494.179305,1000,3356.335437
2490.339591,1000,3357.39994
2488.698137,1000,3359.519398
2484.565494,1000,3360.584301
2498.212317,1000,3362.702282
2475.642449,1000,3363.782775
2480.69297,1000,3365.859841
2486.58238,1000,3366.911173
2479.09273,1000,3369.020909
2480.683752,1000,3370.068321
2490.416328,1000,3372.164138
2488.033696,1000,3373.225646
2499.57926,1000,3375.312616
2487.014616,1000,3376.367238
2489.670824,1000,3378.474326
2493.86591,1000,3379.546892
2486.279342,1000,3381.653785
2495.276217,1000,3382.71968
2499.263053,1000,3384.821278
2483.193835,1000,3385.887117
2482.77138,1000,3388.013541
2494.379728,1000,3389.077331
2493.226377,1000,3391.209479
2495.201379,1000,3392.271099
2487.438825,1000,3394.365298
2471.089345,1000,3395.43697
2482.229008,1000,3397.567303
2477.849482,1000,3398.636802
2491.527683,1000,3400.882309
2494.765166,1000,3401.943681
2493.4437,1000,3404.056275
2480.145393,1000,3405.106865
2491.199521,1000,3407.173604
2496.390336,1000,3408.224474
2488.254104,1000,3410.353439
2478.898949,1000,3411.411747
2477.050297,1000,3412.460925
2489.088472,1000,3414.515571
2466.827556,1000,3415.563298
2465.904212,1000,3417.629503
2484.689969,1000,3418.680676
2490.116034,1000,3420.75462
2482.582498,1000,3421.817616
2482.040866,1000,3423.899021
2475.300009,1000,3424.95261
2485.173924,1000,3427.121879
2475.871945,1000,3428.197437
2499.832139,1000,3430.290506
2485.09112,1000,3431.344604
2490.634424,1000,3433.431116
2482.146265,1000,3434.511727
2476.547961,1000,3436.613466
2484.886431,1000,3437.677054
2473.350819,1000,3439.763093
2477.317326,1000,3440.829806
2480.657208,1000,3442.907783
2480.770779,1000,3443.957619
2478.501979,1000,3446.046046
2476.494018,1000,3447.093059
2494.221264,1000,3449.177491
2471.424812,1000,3450.230294
2482.064402,1000,3452.375149
2490.939771,1000,3453.4145
2464.595383,1000,3455.658128
2480.382132,1000,3456.782757
2471.482286,1000,3458.88099
2497.185075,1000,3459.923712
2480.763826,1000,3461.985393
2480.821588,1000,3463.052128
2492.816656,1000,3465.203084
2443.987048,1000,3466.262873
2485.576799,1000,3468.326719
2483.366895,1000,3469.376449
2485.956952,1000,3471.418165
2494.106835,1000,3472.474877
2489.331532,1000,3474.514311
2470.904108,1000,3475.563348
2476.736743,1000,3477.604635
2453.31629,1000,3478.654697
2454.101052,1000,3479.701283
2475.138078,1000,3481.775216
2480.673739,1000,3482.876823
2463.912954,1000,3484.996922
2472.305288,1000,3486.048214
2473.699182,1000,3488.09943
2480.06049,1000,3489.141651
2471.36984,1000,3491.190522
2452.273707,1000,3492.232059
2485.196327,1000,3494.275553
2473.223881,1000,3495.317649
2475.698966,1000,3497.37473
2488.872761,1000,3498.423938
2473.888973,1000,3500.512105
2480.523694,1000,3501.579586
2485.268163,1000,3503.67952
2480.86339,1000,3504.748146
2465.191734,1000,3506.886683
2482.282865,1000,3507.951954
2475.105142,1000,3510.052574
2456.574534,1000,3511.102379
2482.992422,1000,3513.197408
2489.25103,1000,3514.267437
2493.496676,1000,3516.35763
2486.26135,1000,3517.407887
2497.984687,1000,3519.487918
2482.530509,1000,3520.562557
2477.108916,1000,3522.656058
2502.811436,1000,3523.706646
2486.666489,1000,3525.802519
2478.475526,1000,3526.864558
2469.713276,1000,3528.936495
2476.968579,1000,3530.001334
2487.159739,1000,3532.067651
2477.332817,1000,3533.131995
2476.059939,1000,3535.209987
2486.778304,1000,3536.269299
2492.739973,1000,3538.359585
2477.11067,1000,3539.407978
2482.044344,1000,3541.473701
2468.28473,1000,3542.518117
2479.013783,1000,3544.590456
2486.396118,1000,3545.662682
2478.427177,1000,3546.724873
2462.100185,1000,3548.94374
2487.888696,1000,3550.076607
2485.939628,1000,3552.284549
2496.788281,1000,3553.337009
2480.542926,1000,3555.417822
2488.313848,1000,3556.468154
2490.749348,1000,3558.563052
2461.570969,1000,3559.618835
2478.116336,1000,3561.683328
2499.5511,1000,3562.731583
2479.783732,1000,3564.915463
2482.276931,1000,3565.979076
2479.204971,1000,3568.066957
2474.435888,1000,3569.124002
2486.197428,1000,3571.198935
2488.201143,1000,3572.251405
2465.153097,1000,3574.324756
2490.685495,1000,3575.393064
2503.472978,1000,3577.531653
2496.237487,1000,3578.60319
2503.804752,1000,3580.726375
2487.863227,1000,3581.779665
2495.910807,1000,3583.860672
2479.064909,1000,3584.901966
2474.104209,1000,3586.96864
2452.273682,1000,3588.021204
2484.922408,1000,3590.102879
2482.563793,1000,3591.158478
2462.460333,1000,3593.225432
2477.02935,1000,3594.270095
2475.741709,1000,3596.334253
2479.788388,1000,3597.38074
2455.215242,1000,3599.439242
2488.763392,1000,3600.48363
2452.396242,1000,3602.576811
2486.178363,1000,3603.619495
2494.741135,1000,3605.691703
2481.904537,1000,3606.752512
2483.557322,1000,3608.830887
2486.930282,1000,3609.878783
2450.020733,1000,3610.928362
2479.752413,1000,3613.027437
2471.624678,1000,3614.081872
2468.875657,1000,3616.163616
2493.224294,1000,3617.213846
2493.697014,1000,3619.281737
2475.854907,1000,3620.333716
2476.617743,1000,3622.415344
2481.354777,1000,3623.468754
2482.91399,1000,3625.531551
2485.615993,1000,3626.575303
2469.977652,1000,3628.64171
2416.535582,1000,3629.736313
2488.42162,1000,3631.829127
2484.012881,1000,3632.878728
2477.79706,1000,3634.967693
2445.429627,1000,3636.013851
2479.760718,1000,3638.0966
2455.61771,1000,3639.183109
2462.899619,1000,3641.298337
2482.44903,1000,3642.360716
2469.246652,1000,3644.447903
2459.584533,1000,3645.509851
2476.088645,1000,3647.598909
2477.495737,1000,3648.64338
2474.39049,1000,3650.725821
2470.638478,1000,3651.790278
2469.360696,1000,3653.899613
2456.517093,1000,3654.965906
2484.710853,1000,3657.092821
2485.758026,1000,3658.135586
2458.749064,1000,3660.18572
2459.968618,1000,3661.242198
2485.976865,1000,3663.308933
2490.421895,1000,3664.361479
2492.511466,1000,3666.422891
2467.99759,1000,3667.486473
2463.247574,1000,3669.558808
2491.374074,1000,3670.622852
2485.81842,1000,3672.690204
2486.442836,1000,3673.730447
2468.572855,1000,3675.78035
2485.282604,1000,3676.832465
2497.405011,1000,3677.883665
2482.278507,1000,3679.958352
2483.964778,1000,3681.006753
2472.847039,1000,3683.14178
2472.739675,1000,3684.199823
2474.089689,1000,3686.426186
2468.547405,1000,3687.477043
2488.197722,1000,3689.722435
2467.939237,1000,3690.788352
2488.504068,1000,3692.924373
2486.477826,1000,3693.990964
2485.741423,1000,3696.084521
2496.187436,1000,3697.149297
2494.389916,1000,3699.252707
2497.362132,1000,3700.319775
2489.647252,1000,3702.407844
2505.455979,1000,3703.483563
2486.685069,1000,3705.611728
2488.133838,1000,3706.69532
2504.255974,1000,3708.781892
2504.589824,1000,3709.829662
2488.080745,1000,3711.866509
2490.191541,1000,3712.918559
2484.961056,1000,3714.956549
2476.59815,1000,3716.089208
2483.482584,1000,3718.304547
2498.340081,1000,3719.356366
2484.238741,1000,3721.587716
2487.217955,1000,3722.746909
2490.200303,1000,3724.90002
2480.142668,1000,3726.016669
2485.485166,1000,3728.124387
2485.371897,1000,3729.189604
2485.079043,1000,3731.290287
2486.420566,1000,3732.359877
2490.756244,1000,3734.452701
2485.265145,1000,3735.521023
2498.493846,1000,3737.605886
2494.137133,1000,3738.659506
2487.670258,1000,3740.769477
2502.558245,1000,3741.877886
2496.533863,1000,3743.951458
2489.841063,1000,3745.010724
2504.927279,1000,3746.06577
2496.777037,1000,3748.152048
2490.034933,1000,3749.214896
2492.520712,1000,3751.381675
2481.151368,1000,3752.434297
2492.312116,1000,3754.589855
2501.603805,1000,3755.656178
2500.694321,1000,3757.745091
2490.61968,1000,3758.793009
2505.449728,1000,3760.860625
2503.466837,1000,3761.911747
2468.432085,1000,3763.979605
2507.755725,1000,3765.048701
2503.111937,1000,3767.118129
2496.457813,1000,3768.166814
2494.883468,1000,3770.273775
2498.955683,1000,3771.329618
2486.283072,1000,3773.433238
2502.52651,1000,3774.485594
2498.670292,1000,3776.589322
2502.529712,1000,3777.653946
2488.550553,1000,3779.743585
2489.113578,1000,3780.794062
2503.59948,1000,3782.850496
2496.135385,1000,3783.902931
2497.091887,1000,3785.959172
2469.506543,1000,3787.014443
2493.485337,1000,3789.080571
2493.424437,1000,3790.134275
2494.293805,1000,3792.201904
2499.933812,1000,3793.252951
2493.172604,1000,3795.329512
2498.239881,1000,3796.385174
2502.004836,1000,3798.450876
2513.517299,1000,3799.50221
2519.83997,1000,3801.589997
2476.283584,1000,3802.653246
2476.712935,1000,3804.722577
2487.957444,1000,3805.774745
2496.590641,1000,3807.847017
2504.141875,1000,3808.900133
2491.272132,1000,3811.022789
2487.906483,1000,3812.085912
2477.670595,1000,3813.138596
2510.409054,1000,3815.205719
2491.556887,1000,3816.258282
2503.964368,1000,3818.36782
2489.886692,1000,3819.421182
2487.623718,1000,3821.498496
2468.176826,1000,3822.55087
2494.546854,1000,3824.659804
2500.606427,1000,3825.726691
2510.253241,1000,3827.800002
2499.483737,1000,3828.851727
2504.52278,1000,3831.066256
2503.817758,1000,3832.181198
2494.316479,1000,3834.235996
2490.279478,1000,3835.288961
2491.238963,1000,3837.330534
2502.462037,1000,3838.37921
2493.055396,1000,3840.450394
2496.339889,1000,3841.513326
2491.734357,1000,3843.561621
2486.447171,1000,3844.600372
2488.796532,1000,3846.670626
2481.458341,1000,3847.738732
2490.355571,1000,3849.848027
2488.353943,1000,3850.918084
2483.300976,1000,3853.008699
2493.09399,1000,3854.055269
2503.171162,1000,3856.150777
2482.731542,1000,3857.212195
2498.090385,1000,3859.283836
2491.779156,1000,3860.336287
2478.777202,1000,3862.448899
2489.27587,1000,3863.518053
2486.354626,1000,3865.656556
2491.984646,1000,3866.697229
2479.951715,1000,3868.763816
2490.234817,1000,3869.825519
2485.1501,1000,3871.94243
2479.874535,1000,3872.999861
2482.420805,1000,3875.081248
2472.875351,1000,3876.129775
2472.282035,1000,3878.200037
2446.846849,1000,3879.253329
2481.51231,1000,3880.305793
2485.827758,1000,3882.417081
2461.928673,1000,3883.457814
2487.037348,1000,3885.559506
2480.93071,1000,3886.613601
2485.435172,1000,3888.68555
2485.034077,1000,3889.734967
2489.482626,1000,3891.818237
2493.8229,1000,3892.881845
2476.762947,1000,3894.969826
2496.24313,1000,3896.036689
2485.225729,1000,3898.137486
2486.867047,1000,3899.21788
2484.945131,1000,3901.39988
2480.895608,1000,3902.442876
2482.643276,1000,3904.535852
2487.215861,1000,3905.597633
2477.558878,1000,3907.698036
2490.742668,1000,3908.76266
2495.486754,1000,3910.825171
2471.231387,1000,3911.885413
2494.905338,1000,3913.94995
2488.755255,1000,3915.00388
2472.136493,1000,3917.073513
2495.865611,1000,3918.120173
2503.172225,1000,3920.247852
2489.833297,1000,3921.295261
2508.795068,1000,3923.349075
2490.558964,1000,3924.411313
2482.02412,1000,3926.499631
2482.309231,1000,3927.550655
2483.380074,1000,3929.674335
2481.40283,1000,3930.751443
2492.678344,1000,3932.877839
2502.1701,1000,3933.929957
2494.21224,1000,3936.013412
2500.835331,1000,3937.068613
2487.43187,1000,3939.173117
2488.789005,1000,3940.235421
2501.105927,1000,3942.34261
2474.852329,1000,3943.406513
2496.144384,1000,3945.511762
2485.8649,1000,3946.561811
2495.2872,1000,3947.613587
2485.489237,1000,3949.710787
2477.151279,1000,3950.767087
2479.961025,1000,3952.854195
2478.843261,1000,3953.904908
2473.669954,1000,3955.968234
2472.732824,1000,3957.019936
2480.332305,1000,3959.064673
2469.783631,1000,3960.108797
2462.967334,1000,3962.153609
2453.817149,1000,3963.196255
2464.558868,1000,3965.244944
2473.975342,1000,3966.289723
2481.953308,1000,3968.388453
2482.648324,1000,3969.455211
2486.199718,1000,3971.576867
2481.993902,1000,3972.640447
2486.154555,1000,3974.708732
2463.967648,1000,3975.752583
2473.960305,1000,3977.895564
2471.072285,1000,3979.017216
2485.770356,1000,3981.129516
2483.090739,1000,3982.191629
2481.350284,1000,3984.288045
2487.659114,1000,3985.353511
2482.354774,1000,3987.449274
2476.143146,1000,3988.512115
2466.716057,1000,3990.721148
2466.057917,1000,3991.769427
2479.169713,1000,3993.863433
2490.025306,1000,3994.922482
2475.14854,1000,3996.98756
2481.053286,1000,3998.070532
2485.428614,1000,4000.215484
2465.710173,1000,4001.262846
2481.060386,1000,4003.349476
2472.608869,1000,4004.414659
2484.741296,1000,4006.537987
2494.523582,1000,4007.588526
2487.655055,1000,4009.701801
2491.204527,1000,4010.767033
2455.764541,1000,4011.832164
2487.583645,1000,4013.911227
2454.681648,1000,4014.949643
2479.336784,1000,4016.999127
2490.470622,1000,4018.040651
2468.591135,1000,4020.11591
2477.551061,1000,4021.216975
2495.789225,1000,4023.510653
2480.442676,1000,4024.593363
2480.229556,1000,4026.731784
2495.90996,1000,4027.795347
2487.674925,1000,4029.890931
2483.269581,1000,4030.952239
2476.164772,1000,4033.034419
2475.556829,1000,4034.084729
2490.636033,1000,4036.205229
2486.311782,1000,4037.273536
2479.192181,1000,4039.34064
2462.364319,1000,4040.387645
2464.669954,1000,4042.481115
2482.140608,1000,4043.541685
2490.049291,1000,4045.735151
2483.545107,1000,4046.7975
2484.26304,1000,4048.882717
2477.933891,1000,4049.931976
2467.672241,1000,4052.011995
2481.481528,1000,4053.067805
2478.013005,1000,4055.178217
2482.137399,1000,4056.228688
2486.683266,1000,4058.301996
2481.193881,1000,4059.343756
2479.185909,1000,4061.40238
2486.780932,1000,4062.455039
2477.219436,1000,4064.522581
2476.896269,1000,4065.57396
2488.467583,1000,4067.649354
2483.787343,1000,4068.705235
2486.625494,1000,4070.783223
2495.621358,1000,4071.840437
2481.649512,1000,4073.916375
2467.157604,1000,4074.969029
2488.596379,1000,4077.126196
2472.811535,1000,4078.193672
2479.387776,1000,4079.257272
2490.393112,1000,4081.350286
2475.782031,1000,4082.413904
2487.515799,1000,4084.516006
2495.036887,1000,4085.584291
2476.788414,1000,4087.675865
2479.955242,1000,4088.729021
2478.143833,1000,4090.804063
2473.17921,1000,4091.871013
2483.659127,1000,4093.93032
2478.999307,1000,4094.981668
2465.426216,1000,4097.072569
2473.413659,1000,4098.11918
2473.425255,1000,4100.263615
2477.92751,1000,4101.310516
2485.869418,1000,4103.407305
2473.787954,1000,4104.46917
2489.226731,1000,4106.572271
2476.195889,1000,4107.638289
2482.180293,1000,4109.876337
2479.844176,1000,4110.937181
2475.288062,1000,4113.022645
2486.269579,1000,4114.095304
2487.393495,1000,4116.200613
2479.443007,1000,4117.260234
2488.026731,1000,4119.369357
2495.441895,1000,4120.427005
2473.596021,1000,4122.543078
2476.446431,1000,4123.588092
2469.265347,1000,4125.645574
2471.265395,1000,4126.685982
2488.445674,1000,4128.748075
2469.425342,1000,4129.79926
2492.582694,1000,4131.878357
2483.072142,1000,4132.93087
2481.088312,1000,4135.031487
2471.953629,1000,4136.106613
2486.371377,1000,4138.242436
2485.815326,1000,4139.314063
2486.502914,1000,4141.418291
2486.416986,1000,4142.480038
2485.754028,1000,4144.570595
2483.641243,1000,4145.637507
2491.352753,1000,4146.703607
2502.779119,1000,4148.801316
2501.066786,1000,4149.868986
2491.121357,1000,4151.969041
2482.610851,1000,4153.035299
2488.210705,1000,4155.141936
2482.196977,1000,4156.226546
2487.915253,1000,4158.293624
2481.283339,1000,4159.337122
2460.332683,1000,4161.416609
2488.454644,1000,4162.46996
2484.859161,1000,4164.571972
2480.592911,1000,4165.638599
2481.345808,1000,4167.869986
2488.430171,1000,4168.919381
2481.12497,1000,4171.138733
2488.789168,1000,4172.190784
2478.407938,1000,4174.320022
2486.100812,1000,4175.388968
2479.351406,1000,4177.493295
2490.484571,1000,4178.562141
2485.000051,1000,4180.673284
2504.983793,1000,4181.725339
2499.186018,1000,4183.806752
2492.962513,1000,4184.856154
2495.060764,1000,4186.9385
2480.783613,1000,4188.003112
2476.98385,1000,4190.104291
2469.628604,1000,4191.168525
2484.87573,1000,4193.270994
2478.837078,1000,4194.326027
2484.427807,1000,4196.398866
2476.37109,1000,4197.454586
2485.866225,1000,4199.531551
2496.51804,1000,4200.587203
2477.324658,1000,4202.690179
2494.226008,1000,4203.756044
2483.770239,1000,4205.845497
2478.869925,1000,4206.902373
2481.591056,1000,4208.98331
2490.054921,1000,4210.049515
2487.388948,1000,4212.161673
2484.947975,1000,4213.224834
2487.045812,1000,4214.288166
2484.09932,1000,4216.35704
2474.1224,1000,4217.415872
2490.972028,1000,4219.511384
2480.812116,1000,4220.579625
2489.629636,1000,4222.835194
2491.872189,1000,4224.014641
2477.504678,1000,4226.116545
2495.974999,1000,4227.179341
2489.736284,1000,4229.285026
2505.770554,1000,4230.360285
2480.678274,1000,4232.44588
2486.005532,1000,4233.502254
2502.171581,1000,4235.702609
2495.098829,1000,4236.767598
2489.809101,1000,4238.855138
2494.922189,1000,4239.92252
2491.171199,1000,4242.005099
2492.910661,1000,4243.060366
2498.523298,1000,4245.139743
2490.705412,1000,4246.192956
2499.639119,1000,4248.3548
2489.132376,1000,4249.46072
2485.613955,1000,4251.563013
2459.768003,1000,4252.61967
2490.613825,1000,4254.675981
2479.458601,1000,4255.725511
2482.560067,1000,4257.820196
2499.209496,1000,4258.870013
2457.058338,1000,4260.938766
2501.566583,1000,4261.991433
2492.340317,1000,4264.059737
2501.016667,1000,4265.119522
2487.545542,1000,4267.187473
2485.798499,1000,4268.240015
2486.841956,1000,4270.307352
2491.798674,1000,4271.361058
2491.215982,1000,4273.42841
2488.578639,1000,4274.498787
2471.988807,1000,4276.564639
2478.594482,1000,4277.61982
2503.639221,1000,4279.663324
2489.522316,1000,4280.713649
2500.968831,1000,4281.767135
2486.68345,1000,4283.857292
2493.936533,1000,4284.92487
2500.949518,1000,4287.153568
2501.803495,1000,4288.226321
2500.262537,1000,4290.294767
2483.465103,1000,4291.346579
2493.722366,1000,4293.409394
2499.030945,1000,4294.469564
2489.374417,1000,4296.590733
2482.689319,1000,4297.644314
2495.603692,1000,4299.871326
2490.876764,1000,4300.924068
2498.970419,1000,4303.000191
2481.694986,1000,4304.057389
2487.856681,1000,4306.139754
2486.894775,1000,4307.194249
2489.476604,1000,4309.275247
2491.104249,1000,4310.331302
2478.151046,1000,4312.401442
2456.504807,1000,4313.463258
2489.805485,1000,4315.529755
2475.58477,1000,4316.583066
2491.658844,1000,4318.644065
2499.001144,1000,4319.702468
2487.190581,1000,4321.792448
2481.460965,1000,4322.843452
2490.346784,1000,4324.921772
2468.950031,1000,4325.974566
2485.370208,1000,4328.100683
2470.411229,1000,4329.151481
2467.539781,1000,4331.227175
2489.540639,1000,4332.302634
2472.520349,1000,4334.391428
2472.150747,1000,4335.459594
2480.619068,1000,4337.54761
2474.264005,1000,4338.595487
2477.806579,1000,4340.662789
2483.108857,1000,4341.713748
2477.124958,1000,4343.77762
2464.602044,1000,4344.828671
2484.082086,1000,4346.891277
2479.806244,1000,4347.947178
2468.965397,1000,4349.00366
2475.995284,1000,4351.087242
2481.997904,1000,4352.138922
2468.565676,1000,4354.209353
2470.491881,1000,4355.26009
2488.270842,1000,4357.338926
2470.913333,1000,4358.394832
2475.34339,1000,4360.487464
2476.817378,1000,4361.555585
2473.778856,1000,4363.651853
2470.718879,1000,4364.722252
2482.804363,1000,4366.832289
2482.678568,1000,4367.897529
2484.412638,1000,4369.968912
2481.797545,1000,4371.012979
2476.513921,1000,4373.100299
2479.394947,1000,4374.145166
2487.373647,1000,4376.207137
2495.236929,1000,4377.253312
2479.189727,1000,4379.46414
2475.183411,1000,4380.504571
2477.265637,1000,4382.557491
2484.950043,1000,4383.597838
2468.621162,1000,4385.68473
2486.75045,1000,4386.727901
2485.458933,1000,4388.777524
2483.515588,1000,4389.820761
2485.713212,1000,4391.926713
2482.395046,1000,4392.997732
2488.684807,1000,4395.195318
2486.985942,1000,4396.261891
2483.675006,1000,4398.396636
2477.400212,1000,4399.466053
2500.677428,1000,4401.593947
2476.988505,1000,4402.661448
2485.95952,1000,4404.782295
2488.353769,1000,4405.854266
2478.732054,1000,4407.918377
2480.736748,1000,4408.968108
2471.194524,1000,4411.051775
2491.114808,1000,4412.106911
2472.693155,1000,4413.164858
2468.336109,1000,4415.298325
2491.068347,1000,4416.3659
2488.99093,1000,4418.475539
2482.961077,1000,4419.544033
2501.898478,1000,4421.641494
2493.866046,1000,4422.694816
2476.176179,1000,4424.769154
2492.805724,1000,4425.823375
2490.78808,1000,4428.00069
2492.72193,1000,4429.075904
2510.069505,1000,4431.140982
2483.024885,1000,4432.190222
2496.44226,1000,4434.278233
2496.02459,1000,4435.341532
2489.14268,1000,4437.449283
2489.333982,1000,4438.513783
2485.938635,1000,4440.638563
2492.053971,1000,4441.70813
2475.265751,1000,4443.826201
2472.72215,1000,4444.893351
2477.294461,1000,4446.988802
2488.638736,1000,4448.055009
2484.993093,1000,4450.15843
2483.770297,1000,4451.222735
2495.651173,1000,4453.318929
2495.825318,1000,4454.363042
2483.615614,1000,4456.446651
2493.26771,1000,4457.512637
2488.797358,1000,4459.606659
2489.343707,1000,4460.672513
2487.058156,1000,4462.785938
2497.821858,1000,4463.853615
2494.789881,1000,4466.014921
2496.687827,1000,4467.109894
2494.384494,1000,4469.29403
2506.807732,1000,4470.3372
2496.776283,1000,4472.405339
2492.823312,1000,4473.455191
2504.644045,1000,4475.544687
2507.687073,1000,4476.593792
2506.476184,1000,4478.69229
2498.030577,1000,4479.762311
2489.492574,1000,4480.82644
2504.274572,1000,4482.95434
2502.811364,1000,4484.011187
2503.822667,1000,4486.15582
2509.640075,1000,4487.212123
2483.06296,1000,4489.280092
2498.962577,1000,4490.324844
2504.914418,1000,4492.404948
2495.627662,1000,4493.447511
2489.787524,1000,4495.504085
2484.226666,1000,4496.545169
2496.310523,1000,4498.64673
2500.562557,1000,4499.717926
2484.141231,1000,4501.790079
2500.368124,1000,4502.852103
2498.955018,1000,4504.920892
2487.375004,1000,4505.996443
2487.092679,1000,4508.086052
2500.905976,1000,4509.147402
2501.496367,1000,4511.254084
2494.35989,1000,4512.305199
2503.319499,1000,4514.373751
2493.428689,1000,4515.444496
2504.754234,1000,4517.51289
2458.719044,1000,4518.569596
2492.117282,1000,4520.636859
2472.057217,1000,4521.691785
2480.541585,1000,4523.775029
2486.064626,1000,4524.827049
2495.930832,1000,4526.909181
2477.453525,1000,4527.962652
2466.165268,1000,4530.055036
2515.087189,1000,4531.106654
2504.31276,1000,4533.157114
2493.816097,1000,4534.201069
2509.933191,1000,4536.402001
2493.594944,1000,4537.4528
2507.126329,1000,4539.658514
2506.31701,1000,4540.723581
2502.407919,1000,4542.848062
2483.931269,1000,4543.912605
2500.542898,1000,4546.012394
2495.913808,1000,4547.081387
2507.655919,1000,4548.145658
2509.063527,1000,4550.237854
2504.863991,1000,4551.303118
2504.688239,1000,4553.402481
2506.484062,1000,4554.47175
2499.581553,1000,4556.582872
2501.23581,1000,4557.646501
2486.439025,1000,4559.748904
2486.253095,1000,4560.816288
2506.684659,1000,4562.900753
2498.923417,1000,4563.941878
2500.451057,1000,4566.149254
2509.976849,1000,4567.19175
2491.015818,1000,4569.302345
2501.662478,1000,4570.358623
2502.258441,1000,4572.429515
2486.063821,1000,4573.477787
2495.376634,1000,4575.681785
2498.330396,1000,4576.873029
2497.368215,1000,4579.040498
2513.006628,1000,4580.104656
2496.798156,1000,4582.203668
2516.42725,1000,4583.254898
2485.599113,1000,4585.341042
2505.215844,1000,4586.399494
2484.051878,1000,4588.459952
2497.568945,1000,4589.506632
2498.739816,1000,4591.56
2506.075912,1000,4592.603285
2502.530273,1000,4594.738921
2501.264937,1000,4595.789252
2511.140057,1000,4597.898301
2489.541493,1000,4598.9633
2499.302555,1000,4601.065313
2502.083899,1000,4602.142826
2494.881333,1000,4604.230866
2506.964881,1000,4605.282259
2495.74943,1000,4607.360317
2481.621351,1000,4608.404845
2501.658758,1000,4610.481086
2499.069203,1000,4611.523494
2506.981889,1000,4613.727392
2503.106709,1000,4614.775766
2509.58864,1000,4615.819108
2505.365943,1000,4617.899917
2499.767963,1000,4618.957612
2503.578387,1000,4621.050146
2497.50206,1000,4622.104212
2500.94304,1000,4624.182189
2490.280526,1000,4625.249108
2490.480791,1000,4627.334325
2496.399246,1000,4628.394001
2491.840722,1000,4630.472715
2500.428897,1000,4631.532362
2499.646759,1000,4633.631319
2507.45879,1000,4634.683594
2509.662399,1000,4636.759155
2500.876573,1000,4637.799556
2493.524345,1000,4639.852826
2473.572061,1000,4640.901697
2502.614485,1000,4642.975961
2481.40366,1000,4644.026213
2490.248681,1000,4646.126038
2493.367212,1000,4647.176607
2506.706929,1000,4649.257901
2496.380369,1000,4650.308439
2502.523994,1000,4652.446943
2494.772059,1000,4653.512027
2494.481581,1000,4655.59273
2495.825162,1000,4656.647135
2502.868232,1000,4658.758234
2488.789665,1000,4659.820378
2473.78834,1000,4661.917374
2490.560681,1000,4662.966222
2500.251482,1000,4665.049856
2492.04682,1000,4666.098921
2455.628242,1000,4668.171266
2496.361383,1000,4669.219456
2495.325831,1000,4671.290694
2486.6541,1000,4672.348603
2494.761653,1000,4674.41884
2486.675712,1000,4675.489782
2495.899051,1000,4677.726355
2497.279414,1000,4678.785299
2505.844476,1000,4680.925536
2500.771966,1000,4681.982079
2488.977519,1000,4683.037035
2502.857504,1000,4685.13924
2500.103522,1000,4686.204807
2486.959194,1000,4688.31231
2496.287257,1000,4689.365184
2483.741894,1000,4691.441338
2511.229773,1000,4692.484719
2500.208992,1000,4694.551047
2497.072882,1000,4695.606001
2486.37303,1000,4697.735252
2488.058534,1000,4698.807662
2491.451275,1000,4700.920916
2505.192687,1000,4701.986068
