#{"t_start": 1649943965.664425, "env_id": null}
r,l,t
-1233.85557,1000,2.926169
-610.640257,1000,3.981699
-2400.60613,1000,6.073536
-895.991883,1000,7.118094
-774.086153,1000,9.203527
-934.473126,1000,10.317677
-2487.334615,1000,12.396662
-1019.756832,1000,13.427984
-1486.597167,1000,15.488193
-578.211699,1000,16.521897
-594.086903,1000,18.65299
-906.043569,1000,19.707913
-1757.759977,1000,21.831876
-777.421481,1000,22.886837
-836.193673,1000,24.959702
-1971.440765,1000,26.019613
-1806.38696,1000,28.31687
-2523.774754,1000,29.417423
-658.007652,1000,31.531847
-1024.285765,1000,32.579342
-1314.502639,1000,34.660188
-1038.849233,1000,35.698157
-931.558877,1000,37.76213
-1590.049618,1000,38.795516
-1085.308811,1000,40.878436
-610.930549,1000,41.923867
-2919.699366,1000,44.006022
-671.57595,1000,45.075627
-1100.704196,1000,47.178242
-1946.456069,1000,48.237452
-2376.697497,1000,50.333117
-1012.759729,1000,51.392904
-727.33712,1000,53.486249
-1001.741906,1000,54.531108
-711.076859,1000,56.575907
-1962.668239,1000,57.620795
-2408.460406,1000,59.680331
-1062.374026,1000,60.72629
-709.803417,1000,62.818192
-800.800941,1000,63.878278
-1420.343424,1000,65.99069
-515.353056,1000,67.046388
-833.727501,1000,68.105534
-2030.111908,1000,70.227861
-1028.39142,1000,71.284182
-1853.75149,1000,73.385499
-1156.281155,1000,74.44216
-1286.143154,1000,76.540294
-607.74154,1000,77.596415
-2188.089648,1000,79.673496
-865.8058,1000,80.71698
-1093.483117,1000,82.783827
-1549.661196,1000,83.834739
-713.192618,1000,85.912309
-1389.717631,1000,86.965088
-757.914565,1000,89.055179
-499.672536,1000,90.101053
-406.005673,1000,92.175622
-1211.681458,1000,93.218669
-456.092741,1000,95.458029
-601.921464,1000,96.56091
-652.960103,1000,98.788096
-1334.708302,1000,99.834771
-766.332069,1000,101.915892
-1689.822478,1000,102.959636
-470.56596,1000,105.074859
-1158.975605,1000,106.129212
-1734.003369,1000,108.277273
-1404.373158,1000,109.335901
-972.448876,1000,111.472307
-1739.313922,1000,112.518815
-810.202196,1000,114.596374
-958.909312,1000,115.640781
-1112.967416,1000,117.728381
-773.178733,1000,118.775436
-1419.25925,1000,120.880687
-648.861336,1000,121.92476
-1446.274569,1000,124.001539
-2844.229295,1000,125.046713
-1025.412954,1000,127.152473
-1011.922502,1000,128.199986
-2503.440099,1000,130.27281
-1233.24089,1000,131.318481
-2409.805281,1000,133.412654
-717.600395,1000,134.461282
-760.577234,1000,135.510138
-1391.10071,1000,137.590822
-611.255742,1000,138.631661
-375.517035,1000,140.748592
-476.997148,1000,141.790508
-1298.308352,1000,143.898166
-1846.570477,1000,144.937813
-591.696112,1000,147.148687
-662.967927,1000,148.191978
-590.170179,1000,150.282363
-1226.021107,1000,151.330612
-855.388158,1000,153.408088
-612.262849,1000,154.455251
-1381.23642,1000,156.561398
-715.890873,1000,157.608061
-1057.930959,1000,159.691604
-481.419705,1000,160.739298
-749.24084,1000,162.821873
-746.376111,1000,163.863415
-1020.092852,1000,165.93491
-354.014912,1000,166.974536
-465.694768,1000,169.074535
-2049.381864,1000,170.138149
-604.77142,1000,172.258582
-632.335048,1000,173.30707
-871.524153,1000,175.42931
-1816.937614,1000,176.487208
-927.177992,1000,178.593666
-1152.226997,1000,179.651506
-1308.420604,1000,181.75549
-658.980984,1000,182.82638
-1448.344245,1000,184.924953
-507.07316,1000,185.971539
-438.653287,1000,188.051478
-637.016897,1000,189.102404
-599.672083,1000,191.19777
-1196.451301,1000,192.252344
-486.559979,1000,194.337323
-556.2075,1000,195.384393
-517.29731,1000,197.465718
-1948.085297,1000,198.518939
-818.448808,1000,200.600946
-961.010341,1000,201.649426
-642.143832,1000,202.695952
-398.046207,1000,204.793549
-2968.585996,1000,205.851434
-455.797432,1000,207.937193
-324.392918,1000,208.980525
-1087.220496,1000,211.101396
-710.598924,1000,212.157887
-514.683233,1000,214.27465
-661.812869,1000,215.331943
-572.68819,1000,217.446733
-342.497253,1000,218.511818
-759.862953,1000,220.654218
-515.889044,1000,221.759831
-426.258966,1000,223.927853
-557.041043,1000,224.976347
-848.62152,1000,227.065433
-600.693823,1000,228.112271
-1806.233699,1000,230.206718
-570.469829,1000,231.257375
-557.813898,1000,233.381734
-547.435278,1000,234.432604
-402.563079,1000,236.516599
-1340.659955,1000,237.574584
-239.567891,1000,239.650243
-1345.458775,1000,240.695783
-449.743429,1000,242.773767
-1216.553395,1000,243.818892
-685.778214,1000,245.907091
-490.155785,1000,246.956168
-1153.623131,1000,249.053798
-854.117866,1000,250.107721
-297.306683,1000,252.170648
-968.472826,1000,253.214215
-456.672863,1000,255.272077
-2636.016402,1000,256.346989
-1926.137681,1000,258.449168
-704.610233,1000,259.507899
-670.531856,1000,261.626155
-642.964043,1000,262.672842
-754.986695,1000,264.801872
-1987.603969,1000,265.848654
-461.443035,1000,267.933313
-645.116858,1000,268.99526
-2675.213901,1000,270.052281
-2124.549103,1000,272.145783
-1592.458493,1000,273.201674
-1029.249758,1000,275.314983
-1888.146419,1000,276.377613
-1217.649919,1000,278.479181
-1844.46242,1000,279.539064
-306.589521,1000,281.686229
-391.755831,1000,282.786474
-3475.932245,1000,284.942339
-547.037354,1000,285.998587
-2683.276134,1000,288.111152
-339.097463,1000,289.167226
-1358.983907,1000,291.263841
-1200.794723,1000,292.311925
-355.599757,1000,294.399253
-1409.746142,1000,295.44492
-569.423178,1000,297.555884
-1900.775248,1000,298.604967
-1912.902995,1000,300.724207
-1050.767344,1000,301.778949
-888.105154,1000,303.864427
-437.160528,1000,304.908108
-424.337445,1000,307.002565
-571.876775,1000,308.066921
-489.921164,1000,310.20035
-945.815919,1000,311.249405
-1797.590687,1000,313.343805
-709.005069,1000,314.396548
-1780.410586,1000,316.466931
-476.546638,1000,317.506948
-3190.322552,1000,319.585782
-600.401201,1000,320.625192
-282.149748,1000,322.776319
-1193.37682,1000,323.841579
-330.019388,1000,325.939007
-1136.779333,1000,326.998894
-371.882126,1000,329.142454
-345.50462,1000,330.207354
-2223.976818,1000,332.329278
-1631.771523,1000,333.391033
-1115.856473,1000,335.495035
-458.416113,1000,336.556674
-542.748024,1000,337.620677
-174.717894,1000,339.727462
-224.298177,1000,340.78525
-259.340891,1000,342.855033
-484.346927,1000,343.894446
-122.244241,1000,345.955689
-1780.549235,1000,347.000866
-666.876476,1000,349.132459
-345.351879,1000,350.192232
-961.84529,1000,352.300348
-177.549583,1000,353.35789
-395.073507,1000,355.505099
-594.91011,1000,356.564795
-642.646938,1000,358.64104
-690.761936,1000,359.684986
-162.545926,1000,361.763564
-573.324279,1000,362.808992
-894.25158,1000,365.057056
-521.781882,1000,366.159109
-344.673709,1000,368.250675
-313.565449,1000,369.299511
-817.309485,1000,371.394757
-526.47185,1000,372.440235
-498.566912,1000,374.528819
-674.309245,1000,375.569872
-515.148616,1000,377.662134
-788.83551,1000,378.72865
-956.114554,1000,380.845353
-311.238635,1000,381.885124
-805.891796,1000,383.964498
-420.010708,1000,385.008618
-372.665654,1000,387.08249
-227.262697,1000,388.122407
-169.220437,1000,390.192425
-1708.148982,1000,391.236721
-1585.020318,1000,393.286671
-1493.843217,1000,394.333224
-121.615739,1000,396.380111
-936.040001,1000,397.424726
-327.612357,1000,399.472566
-1265.409057,1000,400.516828
-1813.882231,1000,401.566114
-917.007378,1000,403.618894
-461.849091,1000,404.664698
-739.864825,1000,406.73068
-465.127362,1000,407.774456
-2287.64329,1000,409.845236
-2802.048643,1000,410.895824
-1730.975369,1000,412.973647
-624.640352,1000,414.020751
-1879.380129,1000,416.110017
-54.816043,1000,417.157508
-440.838093,1000,419.244609
-342.219601,1000,420.304626
-1573.22559,1000,422.408393
-456.995714,1000,423.466626
-1103.625543,1000,425.566125
-1142.810459,1000,426.610409
-341.407526,1000,428.700615
-2035.695144,1000,429.752018
-431.677124,1000,431.86393
-507.529842,1000,432.960486
-188.333412,1000,435.05419
-2312.204378,1000,436.110407
-1075.541084,1000,438.236463
-456.804335,1000,439.279545
-694.118373,1000,441.356278
-550.006061,1000,442.40032
-2184.75982,1000,444.496037
-1026.631176,1000,445.551509
-614.576797,1000,447.647245
-834.129826,1000,448.712058
-535.984876,1000,450.808577
-497.493064,1000,451.864231
-662.519801,1000,453.981357
-767.687463,1000,455.040874
-391.344933,1000,457.150617
-1437.124289,1000,458.210654
-279.2033,1000,460.325104
-718.24905,1000,461.383706
-610.179963,1000,463.48659
-2212.494602,1000,464.539844
-244.938196,1000,466.62656
-280.238976,1000,467.689218
-321.242588,1000,468.753959
-824.461871,1000,470.850281
-393.163338,1000,471.918745
-729.289265,1000,474.054312
-820.67441,1000,475.116079
-733.912648,1000,477.229989
-438.881433,1000,478.277475
-811.789514,1000,480.369327
-1208.486941,1000,481.414528
-2162.457767,1000,483.499688
-476.836213,1000,484.544341
-702.652572,1000,486.6266
-1796.770111,1000,487.675983
-269.010353,1000,489.768945
-1221.273177,1000,490.832589
-299.76083,1000,493.029191
-917.233792,1000,494.13669
-935.598202,1000,496.229444
-178.021468,1000,497.285345
-358.973429,1000,499.433167
-107.244589,1000,500.55772
-319.615075,1000,502.662344
-472.289798,1000,503.710622
-379.595054,1000,505.785338
-313.853314,1000,506.829547
-218.917072,1000,508.9104
-1191.87826,1000,509.971484
-1400.911643,1000,512.099235
-994.397624,1000,513.140679
-317.387612,1000,515.243941
-1125.960259,1000,516.299693
-351.73256,1000,518.37222
-889.430702,1000,519.429498
-367.388022,1000,521.557596
-245.951329,1000,522.599691
-924.46974,1000,524.738476
-1019.082766,1000,525.781028
-1183.715606,1000,527.874744
-614.342551,1000,528.917984
-546.302841,1000,530.994974
-1536.686785,1000,532.042176
-167.165703,1000,534.130596
-112.311369,1000,535.180893
-597.689867,1000,536.22152
-2749.515794,1000,538.307631
-1474.565691,1000,539.354888
-2119.974043,1000,541.453959
-453.442705,1000,542.499469
-133.613698,1000,544.584454
-3582.468568,1000,545.640662
-79.394713,1000,547.741737
-191.226057,1000,548.802699
-804.374225,1000,550.908996
-178.133021,1000,551.962208
-738.687855,1000,554.093064
-360.925601,1000,555.14634
-559.85627,1000,557.319383
-810.432963,1000,558.365733
-292.587212,1000,560.44063
-1021.469692,1000,561.48922
-739.500272,1000,563.59024
-1615.735712,1000,564.647167
-261.516809,1000,566.803751
-584.174881,1000,567.850791
-782.796175,1000,570.085937
-326.513381,1000,571.14227
-305.40306,1000,573.238255
-316.501104,1000,574.305869
-1159.403487,1000,576.410412
-1095.69545,1000,577.458527
-1793.593311,1000,579.556789
-419.564093,1000,580.604083
-72.987074,1000,582.686425
-273.965795,1000,583.73677
-3088.828137,1000,585.820365
-682.53824,1000,586.866443
-1496.17071,1000,588.956605
-1393.309874,1000,590.026871
-359.261439,1000,592.179054
-664.289486,1000,593.240864
-271.54372,1000,595.315602
-774.983926,1000,596.362076
-1038.856553,1000,598.573441
-896.112458,1000,599.681876
-114.837034,1000,601.772974
-1219.639296,1000,602.83253
-300.41921,1000,603.891134
-294.967197,1000,605.971178
-2322.860732,1000,607.01417
-145.321576,1000,609.116456
-308.146679,1000,610.15247
-227.406121,1000,612.27037
-2196.012417,1000,613.316496
-1104.409981,1000,615.394315
-1474.196132,1000,616.44049
-1256.525711,1000,618.522886
-366.189622,1000,619.571425
-353.557913,1000,621.681151
-517.154031,1000,622.73428
-1686.217126,1000,624.824092
-677.160784,1000,625.883097
-792.757805,1000,627.968356
-370.591177,1000,629.015517
59.26227,1000,631.107534
-711.745784,1000,632.181243
-984.447957,1000,634.324629
-65.845157,1000,635.372619
-293.895829,1000,637.453231
-25.368813,1000,638.500059
-471.533028,1000,640.582335
-189.683098,1000,641.627943
-509.041728,1000,643.747928
-334.731843,1000,644.817225
-499.641389,1000,646.92205
-117.2673,1000,647.978615
-1726.986399,1000,650.092451
-502.392005,1000,651.14723
140.957425,1000,653.258125
-196.788099,1000,654.315028
-86.010023,1000,656.491531
-734.020567,1000,657.56811
-377.510258,1000,659.667853
-630.917275,1000,660.737169
-970.100715,1000,662.849891
-1460.032944,1000,663.909661
-1838.430937,1000,666.005476
-1975.37353,1000,667.066038
-1534.899852,1000,669.169042
-196.373521,1000,670.23169
-308.429537,1000,671.29287
-1384.341757,1000,673.403456
-754.122711,1000,674.447509
-156.376674,1000,676.520359
-813.143581,1000,677.56682
-3070.649801,1000,679.661424
-1296.324649,1000,680.708441
21.491499,1000,682.80854
-604.019594,1000,683.859039
-597.849433,1000,685.965425
-747.818176,1000,687.006312
-1477.993777,1000,689.078107
-2727.67345,1000,690.123468
-2104.521921,1000,692.221641
-1535.069395,1000,693.26994
-242.561687,1000,695.353897
-1251.157967,1000,696.398967
-226.664389,1000,698.492103
-318.054016,1000,699.54265
-935.259995,1000,701.609999
-455.645084,1000,702.65336
47.043189,1000,704.717127
-1124.184026,1000,705.772235
-1214.897102,1000,707.883142
-275.659553,1000,708.92844
-2773.273531,1000,711.026262
-1042.125859,1000,712.086911
-79.769463,1000,714.190313
-1485.70589,1000,715.259876
-750.307465,1000,717.375347
-15.228535,1000,718.410648
4.009518,1000,720.473197
-993.877058,1000,721.508043
-524.369993,1000,723.572287
-550.989374,1000,724.63468
-304.3696,1000,726.754808
-604.45107,1000,727.796535
-84.500753,1000,729.892065
-959.703126,1000,730.956228
-591.69606,1000,733.076603
-1693.650446,1000,734.138305
-963.255608,1000,736.224617
-228.737409,1000,737.275794
-1137.968392,1000,738.330973
-1332.957951,1000,740.412207
-431.953061,1000,741.456882
-1071.799072,1000,743.56458
-428.788496,1000,744.6121
-453.332983,1000,746.727276
-762.112776,1000,747.783089
-1137.439599,1000,749.909695
-357.302296,1000,750.967772
64.942437,1000,753.115013
-128.007678,1000,754.183787
-1471.372485,1000,756.342972
-325.411259,1000,757.389758
27.819123,1000,759.514703
-1110.906368,1000,760.555491
-2120.848608,1000,762.751361
-143.854155,1000,763.790355
-281.58326,1000,765.863396
-1017.178783,1000,766.907322
-750.18957,1000,768.98539
-165.032796,1000,770.037135
-909.583692,1000,772.128877
-236.878574,1000,773.18698
-658.242589,1000,775.327869
-2048.447198,1000,776.376841
-1099.579965,1000,778.483851
-321.865267,1000,779.540332
-917.037265,1000,781.645014
-194.801219,1000,782.704183
-934.096176,1000,784.881323
-229.628064,1000,785.922791
-658.257947,1000,788.008222
-2809.87963,1000,789.050075
-1184.460087,1000,791.171116
-2545.546536,1000,792.226217
-582.424261,1000,794.326494
-692.801085,1000,795.387353
-77.550746,1000,797.483948
-496.691751,1000,798.539933
-54.882884,1000,800.621849
90.489247,1000,801.670555
-371.487402,1000,802.716675
-1026.184239,1000,804.799007
-228.57928,1000,805.846438
-1250.087677,1000,807.943514
66.310583,1000,808.991154
94.843772,1000,811.067883
-914.10086,1000,812.114206
-843.878438,1000,814.196132
-1333.042596,1000,815.24137
-452.019705,1000,817.326814
-993.751264,1000,818.368212
-1270.950472,1000,820.443574
-235.899614,1000,821.490663
-551.559198,1000,823.588003
-3186.143151,1000,824.653365
-1270.984674,1000,826.762023
-790.283084,1000,827.837701
-2708.193224,1000,829.943621
-457.907182,1000,831.001013
-2665.110051,1000,833.109417
-2024.392374,1000,834.157505
-32.557842,1000,836.238503
-767.040666,1000,837.279845
78.383809,1000,839.439021
228.016635,1000,840.507756
-366.83248,1000,842.653126
-886.281957,1000,843.718036
-1272.090594,1000,845.829267
-654.714709,1000,846.889978
-50.463158,1000,848.983442
-2254.821308,1000,850.029372
-1150.330418,1000,852.144155
-961.129041,1000,853.178573
-85.369044,1000,855.342586
81.412624,1000,856.387945
84.406831,1000,858.46008
-419.948854,1000,859.507181
-250.658198,1000,861.581738
-1569.431469,1000,862.62668
-114.116969,1000,864.710392
-919.640963,1000,865.756301
-1482.468307,1000,867.849285
15.65071,1000,868.885355
-182.009234,1000,869.922063
-2211.833515,1000,871.99681
-2140.947616,1000,873.035722
-457.617256,1000,875.104809
-186.801358,1000,876.144022
-1148.120322,1000,878.216965
-598.156194,1000,879.259821
-1751.308855,1000,881.430501
-533.925418,1000,882.48316
-801.710315,1000,884.576424
-517.560453,1000,885.631939
31.423045,1000,887.768125
-1346.549188,1000,888.823453
-1840.228944,1000,890.934386
-93.800652,1000,891.992325
-593.806303,1000,894.110496
-279.604666,1000,895.176286
-1036.08665,1000,897.264164
-150.65515,1000,898.310474
-290.263392,1000,900.387663
93.017486,1000,901.436511
-1703.896557,1000,903.532683
-1929.461048,1000,904.594496
-126.428429,1000,906.70527
-337.973486,1000,907.768498
-57.278389,1000,909.904596
111.858848,1000,910.956289
-1132.997288,1000,913.035494
-1638.348815,1000,914.091515
-1972.438795,1000,916.189019
-576.760378,1000,917.245739
-1323.476106,1000,919.347344
-245.687938,1000,920.407552
-867.956766,1000,922.542595
-48.210974,1000,923.603188
-372.673207,1000,925.734247
-190.338471,1000,926.788567
-738.14921,1000,928.893402
-52.885017,1000,929.937048
-1939.872729,1000,932.038982
-1028.41913,1000,933.085465
-5.588785,1000,935.189785
-80.353627,1000,936.235657
-1125.913676,1000,937.280699
258.329973,1000,939.375492
-271.451364,1000,940.437852
-9.982405,1000,942.555898
-1091.866453,1000,943.619435
-1442.590695,1000,945.751954
31.748759,1000,946.809487
-227.545027,1000,948.914724
-126.222076,1000,949.981619
-1069.193107,1000,952.083389
-2720.036249,1000,953.139821
18.801169,1000,955.277022
-1212.324025,1000,956.340157
-128.513333,1000,958.485118
-560.974647,1000,959.575031
-871.151278,1000,961.684294
-272.26572,1000,962.774264
-54.089896,1000,964.887784
166.269579,1000,965.93689
-603.639496,1000,968.05821
-987.346522,1000,969.107113
-180.150448,1000,971.216289
-154.470026,1000,972.278347
80.249379,1000,974.422343
-484.601236,1000,975.485784
-2687.330658,1000,977.646713
-708.531528,1000,978.737097
-1290.059037,1000,980.864676
-463.703093,1000,981.91481
-378.622036,1000,984.004738
-67.935914,1000,985.073733
-483.261998,1000,987.187094
-782.72746,1000,988.23599
-1020.67238,1000,990.314363
-786.465729,1000,991.348331
-386.613377,1000,993.492909
-1339.267899,1000,994.574363
-323.560796,1000,996.729399
-984.906907,1000,997.782955
-299.453238,1000,999.890975
-60.969337,1000,1000.949862
3.331164,1000,1003.052937
-792.3606,1000,1004.087739
26.817439,1000,1005.134029
-176.906613,1000,1007.19467
-1454.130432,1000,1008.232613
-303.350013,1000,1010.309627
-1827.547535,1000,1011.349618
-1508.912756,1000,1013.453822
-1148.851522,1000,1014.520465
-794.316932,1000,1016.655127
-1430.540176,1000,1017.717707
-3316.268378,1000,1019.794843
-619.762866,1000,1020.83884
56.229897,1000,1022.906449
-1887.551821,1000,1023.952746
-898.747503,1000,1026.039624
-2685.953539,1000,1027.086623
-207.229697,1000,1029.197553
-2384.731875,1000,1030.25651
-1347.136159,1000,1032.318813
-485.349247,1000,1033.356589
-70.919693,1000,1035.409339
-1521.138491,1000,1036.444485
-3266.971319,1000,1038.501941
-1701.444192,1000,1039.536367
-1653.366426,1000,1041.631341
60.88372,1000,1042.69798
-978.423334,1000,1044.792254
-3320.687985,1000,1045.840091
-1282.37456,1000,1047.93254
-2641.212033,1000,1048.99055
-442.396739,1000,1051.103709
-460.547314,1000,1052.170712
-549.528595,1000,1054.292673
-1058.410483,1000,1055.372058
-51.685545,1000,1057.475065
-940.769851,1000,1058.522256
69.576469,1000,1060.613735
-189.520312,1000,1061.662886
-40.983401,1000,1063.739534
-258.979058,1000,1064.786682
-3332.577974,1000,1066.878882
-440.19083,1000,1067.939499
-274.894866,1000,1070.037126
-341.919993,1000,1071.124779
-890.51109,1000,1072.192626
-105.35584,1000,1074.295392
-293.022912,1000,1075.3576
-248.652585,1000,1077.484654
-171.589519,1000,1078.545677
-445.882995,1000,1080.655316
53.522003,1000,1081.715605
77.596286,1000,1083.838397
225.019012,1000,1084.901232
-859.204292,1000,1086.987961
-267.557183,1000,1088.032307
-1356.557808,1000,1090.130643
-346.04327,1000,1091.179188
-609.929383,1000,1093.36416
187.149281,1000,1094.412285
-1260.896024,1000,1096.48773
-169.020492,1000,1097.530648
-45.221905,1000,1099.612847
-451.494058,1000,1100.659864
-2436.722909,1000,1102.809816
-279.029765,1000,1103.856359
75.884504,1000,1106.018934
70.696995,1000,1107.08726
-266.476872,1000,1109.186309
-211.053234,1000,1110.236576
-162.085679,1000,1112.301816
190.081325,1000,1113.342431
-1203.65512,1000,1115.419449
-2554.932789,1000,1116.463657
125.923582,1000,1118.55774
-569.907638,1000,1119.615819
-289.196932,1000,1121.711317
171.422269,1000,1122.75993
-20.396544,1000,1124.895528
-3516.318019,1000,1125.951412
-1323.877813,1000,1128.049119
-904.374665,1000,1129.109998
-2008.605933,1000,1131.212658
-1236.645451,1000,1132.275958
-1526.761457,1000,1134.385956
-1312.292761,1000,1135.421118
141.762602,1000,1137.507722
-715.122818,1000,1138.552687
12.835391,1000,1139.591869
22.356455,1000,1141.679869
-840.459523,1000,1142.720539
-1593.333619,1000,1144.907948
-434.818073,1000,1145.973694
-690.439679,1000,1148.084098
-405.318999,1000,1149.14345
-1047.325098,1000,1151.248357
-2019.727514,1000,1152.294427
-82.813013,1000,1154.388844
-1321.084742,1000,1155.438836
-3340.559171,1000,1157.539958
-2089.824608,1000,1158.586843
-1806.343454,1000,1160.674742
-1008.99526,1000,1161.737446
-1858.150767,1000,1163.848668
-1612.788982,1000,1164.910259
-20.191349,1000,1167.041756
-1008.728322,1000,1168.102806
-1093.679318,1000,1170.223697
-1491.417188,1000,1171.26939
-1929.989181,1000,1173.356827
155.587423,1000,1174.456492
-104.113595,1000,1176.622205
-1444.765919,1000,1177.664674
-92.732071,1000,1179.752317
-53.334713,1000,1180.816942
-220.001592,1000,1182.949534
-459.514575,1000,1184.000812
117.005182,1000,1186.088674
-416.968536,1000,1187.136094
70.165082,1000,1189.219563
-1557.659184,1000,1190.268364
-483.861691,1000,1192.394226
-728.481763,1000,1193.450327
0.984604,1000,1195.530202
-254.06901,1000,1196.578027
-289.470822,1000,1198.673109
-764.084274,1000,1199.722941
277.962333,1000,1201.814581
-1963.427845,1000,1202.860494
33.834798,1000,1203.908348
-840.780406,1000,1206.01117
-652.629701,1000,1207.074874
137.642049,1000,1209.170561
-2650.116022,1000,1210.21757
-379.021979,1000,1212.317461
-457.818565,1000,1213.35538
-363.456893,1000,1215.459528
-166.839501,1000,1216.502233
-506.573329,1000,1218.678795
-649.575287,1000,1219.737662
16.780947,1000,1221.818089
-42.665183,1000,1222.861543
-1105.452905,1000,1224.949548
-982.207008,1000,1225.992197
-378.89801,1000,1228.068983
-1705.616609,1000,1229.11583
-1132.931531,1000,1231.225291
-251.682948,1000,1232.369992
88.782942,1000,1234.473855
-177.194971,1000,1235.528708
88.007179,1000,1237.636977
-1528.779761,1000,1238.699098
-1034.630729,1000,1240.805391
-731.7555,1000,1241.877391
-1345.759649,1000,1243.988111
-1470.298961,1000,1245.034982
-698.322776,1000,1247.155451
-900.543433,1000,1248.207323
-256.000109,1000,1250.292756
-3420.827309,1000,1251.341091
205.605266,1000,1253.425388
210.338419,1000,1254.474201
-241.366393,1000,1256.554397
-849.039837,1000,1257.600179
-3282.2875,1000,1259.733337
-421.209139,1000,1260.794621
-161.078105,1000,1262.865261
201.94675,1000,1263.917925
-105.742799,1000,1265.96902
-262.840818,1000,1267.012852
-155.714382,1000,1269.129874
-948.038795,1000,1270.19208
-1039.036194,1000,1271.258394
-321.853909,1000,1273.38292
-1517.774635,1000,1274.447098
-1809.396055,1000,1276.555326
-78.630115,1000,1277.642658
-1401.009464,1000,1279.721051
133.492713,1000,1280.758471
-334.906276,1000,1282.828039
-2192.435563,1000,1283.869842
-1521.995361,1000,1285.962019
-79.104216,1000,1287.00761
-119.824864,1000,1289.065389
-2148.135251,1000,1290.107471
-1499.229926,1000,1292.173972
-1464.361988,1000,1293.217532
-113.548661,1000,1295.304831
-245.130776,1000,1296.348959
37.378948,1000,1298.418838
-1571.301556,1000,1299.463006
-152.217724,1000,1301.5318
-2460.686503,1000,1302.57965
-356.021618,1000,1304.678154
-1757.202937,1000,1305.723224
-1771.599407,1000,1307.804739
-26.606479,1000,1308.851553
-263.384104,1000,1310.955997
-567.406429,1000,1312.010013
-36.440012,1000,1314.103383
-510.591983,1000,1315.164766
-3545.614124,1000,1317.268514
-53.653148,1000,1318.328258
-11.442112,1000,1320.397532
-1530.319191,1000,1321.444461
69.007664,1000,1323.497166
-363.192795,1000,1324.54407
-2561.923636,1000,1326.596601
-953.752668,1000,1327.641163
-497.840417,1000,1329.690794
-466.933982,1000,1330.737025
-351.400042,1000,1332.793092
-85.68873,1000,1333.84522
-665.281258,1000,1335.928247
-339.593373,1000,1336.973238
-634.005018,1000,1338.017368
-99.829717,1000,1340.110125
-2292.130223,1000,1341.159345
-92.879873,1000,1343.232567
-761.443819,1000,1344.294864
-1403.368265,1000,1346.369568
192.265878,1000,1347.409448
-1509.627894,1000,1349.507529
-188.325394,1000,1350.554042
-235.665944,1000,1352.654188
-1002.982255,1000,1353.70299
-48.226717,1000,1355.774518
-271.680521,1000,1356.823833
-65.676178,1000,1358.925777
145.337718,1000,1359.968453
-733.722757,1000,1362.079078
-238.546543,1000,1363.14477
-3.93066,1000,1365.3058
-665.662647,1000,1366.369577
44.858172,1000,1368.637816
93.972436,1000,1369.698138
-35.709227,1000,1371.947567
-969.883053,1000,1373.003893
-1911.675919,1000,1375.105515
-3085.949535,1000,1376.163409
-695.298207,1000,1378.269285
-1504.094887,1000,1379.33947
236.850423,1000,1381.457525
87.035856,1000,1382.503466
-2187.528035,1000,1384.576994
101.660009,1000,1385.624274
-328.821509,1000,1387.698699
-1495.981137,1000,1388.74971
-107.481743,1000,1390.826222
217.941361,1000,1391.872528
-855.741177,1000,1393.937558
-1067.911164,1000,1394.98457
-1431.40256,1000,1397.07998
-579.709893,1000,1398.125412
-2347.767484,1000,1400.232501
-126.58551,1000,1401.279816
-545.058394,1000,1403.36812
-1171.366766,1000,1404.534134
-730.042226,1000,1405.589836
-782.014374,1000,1407.731616
-161.622436,1000,1408.787917
-256.590241,1000,1410.975011
47.639503,1000,1412.030352
-1072.376873,1000,1414.108813
-496.086642,1000,1415.149175
-100.945902,1000,1417.228006
-854.267042,1000,1418.273973
-421.302448,1000,1420.347678
-3084.83955,1000,1421.396942
-3386.33813,1000,1423.490028
138.798138,1000,1424.535021
-833.535046,1000,1426.62623
36.898209,1000,1427.678366
-745.513875,1000,1429.754818
-57.512239,1000,1430.80049
-917.904676,1000,1432.877088
-1136.203121,1000,1433.992126
-388.396513,1000,1436.08415
-1591.529508,1000,1437.12861
-2220.739757,1000,1439.249189
-436.363032,1000,1440.30628
-1644.738353,1000,1442.389354
153.321887,1000,1443.430073
-1119.522,1000,1445.497798
-1042.657534,1000,1446.540957
-2225.111665,1000,1448.642966
-2042.357551,1000,1449.687347
-1886.162899,1000,1451.773609
-722.513287,1000,1452.823144
290.544393,1000,1454.901809
-1399.826529,1000,1455.944043
-34.486927,1000,1458.020244
-1249.621704,1000,1459.068449
-244.785525,1000,1461.146872
-5.762436,1000,1462.193805
-2685.684583,1000,1464.299415
-1343.984482,1000,1465.346802
-156.981177,1000,1467.426882
93.332321,1000,1468.482114
188.019139,1000,1470.559703
-1018.779562,1000,1471.622411
-1845.344055,1000,1472.681887
-1039.361671,1000,1474.786305
286.07073,1000,1475.829538
62.444982,1000,1477.90348
-383.953433,1000,1478.953526
-955.839487,1000,1481.026448
-422.978972,1000,1482.074978
193.025734,1000,1484.164016
-1207.279077,1000,1485.217195
-153.157107,1000,1487.29535
-186.539997,1000,1488.349819
153.729066,1000,1490.477191
-3280.983681,1000,1491.532792
-391.953071,1000,1493.640101
-36.434498,1000,1494.700438
-171.669537,1000,1496.805821
-1846.406148,1000,1497.856899
-440.707783,1000,1499.953215
122.413847,1000,1500.998204
292.303962,1000,1503.113619
-280.509697,1000,1504.17692
-1240.453656,1000,1506.287474
-2375.937356,1000,1507.348505
-1561.025816,1000,1509.460364
273.667601,1000,1510.522414
-2791.810118,1000,1512.672894
-1561.490268,1000,1513.737016
-491.552471,1000,1515.849133
-245.755676,1000,1516.91089
-2280.509184,1000,1519.024654
-595.062494,1000,1520.085071
-1098.96538,1000,1522.194728
382.085737,1000,1523.242423
-109.217409,1000,1525.327024
-938.93302,1000,1526.388719
-357.714822,1000,1528.494868
-119.75155,1000,1529.557996
-863.202523,1000,1531.658394
-3080.857549,1000,1532.703613
-168.356796,1000,1534.766174
-1170.276108,1000,1535.814383
-235.841664,1000,1537.876138
-115.75735,1000,1538.921425
-498.46865,1000,1539.965579
-1647.397328,1000,1542.136729
-601.819824,1000,1543.182072
-1467.236692,1000,1545.273139
-253.568116,1000,1546.32987
59.180408,1000,1548.419458
-284.853422,1000,1549.467389
-12.505547,1000,1551.596829
-633.189224,1000,1552.646224
-622.597681,1000,1554.731095
-272.195131,1000,1555.778141
-177.017926,1000,1557.860712
-61.222934,1000,1558.908958
-1659.40898,1000,1561.002161
-451.994153,1000,1562.057057
96.678895,1000,1564.17023
-309.335986,1000,1565.218943
-1084.435687,1000,1567.437301
-2516.977414,1000,1568.541936
-726.953321,1000,1570.621098
-986.520399,1000,1571.666797
-48.046433,1000,1573.776006
-599.97558,1000,1574.82371
89.887507,1000,1576.923718
65.651951,1000,1577.968427
-125.703858,1000,1580.052299
-509.166752,1000,1581.09479
276.887025,1000,1583.287806
-12.378329,1000,1584.360373
-1287.401442,1000,1586.605529
59.82761,1000,1587.652874
-1143.851716,1000,1589.857311
-1924.368121,1000,1590.902605
-206.072269,1000,1593.007167
-1224.162907,1000,1594.055571
-223.414458,1000,1596.174464
-523.350605,1000,1597.230597
-214.046692,1000,1599.333234
-2977.014927,1000,1600.401878
-1040.231534,1000,1602.467515
-81.052878,1000,1603.513973
-408.3779,1000,1604.556782
-1269.797686,1000,1606.640914
-1531.758152,1000,1607.701065
67.016781,1000,1609.81168
-1020.726546,1000,1610.874728
359.270573,1000,1613.091742
-651.533657,1000,1614.224354
74.667492,1000,1616.296543
-864.15013,1000,1617.333835
-46.484161,1000,1619.432486
-837.655943,1000,1620.472101
-1003.902638,1000,1622.537843
111.00644,1000,1623.586093
-228.530114,1000,1625.701263
-989.292078,1000,1626.747682
111.070156,1000,1628.839879
-1727.153671,1000,1629.893963
-90.111943,1000,1632.002682
-656.50956,1000,1633.040129
-415.540183,1000,1635.118715
-530.450911,1000,1636.162346
281.886388,1000,1638.266639
-992.279396,1000,1639.316879
-615.563976,1000,1641.407338
-241.677156,1000,1642.443244
-630.363618,1000,1644.523239
-3203.553314,1000,1645.572946
-112.803805,1000,1647.683355
-238.613843,1000,1648.743696
-1929.697843,1000,1650.871651
118.363344,1000,1651.935631
-324.997017,1000,1654.04564
-815.950395,1000,1655.090751
-515.300197,1000,1657.198348
-367.285822,1000,1658.249201
-98.059453,1000,1660.333145
-104.812775,1000,1661.38054
-59.451128,1000,1663.46344
-3051.493132,1000,1664.503299
-3265.314489,1000,1666.571591
-1739.78544,1000,1667.616821
-2998.325049,1000,1669.712935
-994.200496,1000,1670.777467
-491.696017,1000,1671.839108
-614.898386,1000,1673.957521
-257.769827,1000,1675.006036
-317.710379,1000,1677.084881
-657.073682,1000,1678.133272
132.40752,1000,1680.243217
-2492.041058,1000,1681.311805
-89.559602,1000,1683.536198
-205.645351,1000,1684.615258
-451.785966,1000,1686.7228
-872.119894,1000,1687.781247
-445.922372,1000,1689.898358
-1615.87897,1000,1690.958821
-714.011693,1000,1693.068093
-1320.997322,1000,1694.130701
-570.580297,1000,1696.231991
42.217279,1000,1697.294145
-99.075231,1000,1699.394978
-196.15669,1000,1700.44778
-421.379703,1000,1702.539293
-1030.280969,1000,1703.588379
-649.23109,1000,1705.714274
-581.223762,1000,1706.780953
-109.082887,1000,1708.86329
-1996.726141,1000,1709.91298
-1224.655886,1000,1711.989176
265.437418,1000,1713.059884
327.510073,1000,1715.121513
180.838031,1000,1716.168067
-89.989077,1000,1718.260495
256.672332,1000,1719.325114
-1786.239958,1000,1721.42975
-824.973929,1000,1722.486813
-1073.005301,1000,1724.590607
-1010.973985,1000,1725.658554
170.405644,1000,1727.74853
100.9662,1000,1728.797005
-163.916339,1000,1730.882524
254.729377,1000,1731.938802
-1978.423841,1000,1734.082167
-1366.756407,1000,1735.128336
-661.635198,1000,1737.222505
-922.791638,1000,1738.260166
-1167.493839,1000,1739.295702
41.9832,1000,1741.351871
-605.055133,1000,1742.389492
-155.689539,1000,1744.479681
-1289.619855,1000,1745.540887
-1220.735511,1000,1747.645236
-257.692237,1000,1748.709998
-2550.592273,1000,1750.814752
-666.054177,1000,1751.8636
-137.027191,1000,1753.937291
-2031.102476,1000,1754.980611
-642.121589,1000,1757.05245
-1355.205876,1000,1758.091523
91.387332,1000,1760.158602
314.080759,1000,1761.207674
-799.031251,1000,1763.28381
-246.260418,1000,1764.331805
8.061329,1000,1766.445589
210.079918,1000,1767.507799
-215.187808,1000,1769.63091
-3.99576,1000,1770.689047
-1727.620982,1000,1772.794018
-31.184833,1000,1773.858977
94.067435,1000,1775.977252
-1870.516268,1000,1777.022737
57.557939,1000,1779.100211
-3447.485619,1000,1780.144654
5.172951,1000,1782.240017
-1092.957513,1000,1783.300015
-1564.892488,1000,1785.391233
-197.850243,1000,1786.448375
-342.622498,1000,1788.53044
-184.24429,1000,1789.567486
-722.504525,1000,1791.633073
-47.802571,1000,1792.684458
-68.539313,1000,1794.802852
-1278.48974,1000,1795.857647
45.705953,1000,1798.007082
-979.23903,1000,1799.071858
-1642.243901,1000,1801.175623
-896.147984,1000,1802.227056
-259.767144,1000,1804.340822
-114.070271,1000,1805.390605
-1453.958603,1000,1806.439567
-154.525669,1000,1808.519512
-138.090264,1000,1809.566129
3.471679,1000,1811.697124
223.753276,1000,1812.753423
198.680912,1000,1814.974508
-611.393207,1000,1816.031802
-340.056306,1000,1818.12606
-3104.810261,1000,1819.175423
-456.81429,1000,1821.23574
139.063605,1000,1822.282027
-760.415718,1000,1824.336107
-544.863558,1000,1825.382613
289.561185,1000,1827.457134
-509.505548,1000,1828.502261
102.021348,1000,1830.638552
-2880.87209,1000,1831.692426
-488.825951,1000,1833.796391
-1170.405425,1000,1834.855685
-542.154704,1000,1836.967558
282.438837,1000,1838.012212
-742.626003,1000,1840.096343
138.018628,1000,1841.248384
-33.578785,1000,1843.485446
-993.478083,1000,1844.529579
-2868.795124,1000,1846.608036
-727.366102,1000,1847.652364
5.328051,1000,1849.725909
-425.637426,1000,1850.821109
-962.419116,1000,1852.900726
-76.173343,1000,1853.94262
-154.809711,1000,1856.020065
-362.010972,1000,1857.0615
62.784768,1000,1859.143082
-43.302698,1000,1860.187186
-945.291552,1000,1862.268594
-232.486634,1000,1863.308653
-166.280171,1000,1865.412487
-362.833585,1000,1866.480221
-1201.871128,1000,1868.59392
-1661.067071,1000,1869.625418
-470.57095,1000,1871.686792
-498.123931,1000,1872.722801
-62.42257,1000,1873.766499
324.623429,1000,1875.829722
-556.949852,1000,1876.864848
-627.868111,1000,1878.941578
-1291.092024,1000,1879.978183
-94.603921,1000,1882.046119
-1004.872329,1000,1883.082529
-2097.466491,1000,1885.148766
-2101.258729,1000,1886.186518
32.996205,1000,1888.293739
215.709975,1000,1889.338247
-581.718744,1000,1891.571765
-1920.455199,1000,1892.616454
-875.47242,1000,1894.728165
-1793.830308,1000,1895.789612
-2639.000956,1000,1897.924816
48.643522,1000,1898.973664
-1157.7016,1000,1901.049562
-481.883609,1000,1902.093982
-858.574371,1000,1904.187833
56.84295,1000,1905.229831
38.077054,1000,1907.330161
-1067.049035,1000,1908.372365
86.122973,1000,1910.447826
-1901.072172,1000,1911.49369
39.226149,1000,1913.584035
-1271.553885,1000,1914.644593
127.001514,1000,1916.734004
-726.577984,1000,1917.793303
-1950.212316,1000,1919.909544
-529.183526,1000,1920.969104
-1336.436444,1000,1923.069143
252.949696,1000,1924.125428
-24.993775,1000,1926.220327
-260.8222,1000,1927.275709
-437.959145,1000,1929.425158
-1176.299546,1000,1930.485105
227.491968,1000,1932.567668
-389.63578,1000,1933.623646
-1247.938702,1000,1935.741898
-632.997494,1000,1936.804858
57.253127,1000,1938.907015
-234.297397,1000,1939.953059
176.214172,1000,1940.999731
-2271.381367,1000,1943.084987
287.138883,1000,1944.126084
64.599937,1000,1946.187396
-0.389767,1000,1947.225093
17.636005,1000,1949.302452
-1932.029875,1000,1950.338825
-1500.734366,1000,1952.411006
105.944336,1000,1953.455378
116.635787,1000,1955.698067
149.306663,1000,1956.742159
-1714.399528,1000,1958.974781
-705.1171,1000,1960.019143
-1097.799329,1000,1962.15482
-1003.297392,1000,1963.195532
-233.268795,1000,1965.337054
144.974561,1000,1966.393317
-722.823863,1000,1968.489206
-546.30025,1000,1969.536393
152.500376,1000,1971.680496
-2487.370194,1000,1972.72682
-579.610266,1000,1974.813226
-34.385786,1000,1975.861775
-1255.483601,1000,1978.002207
-1168.75087,1000,1979.059983
-89.477654,1000,1981.175512
-1.289763,1000,1982.23613
34.651473,1000,1984.352531
-351.899613,1000,1985.389495
97.233771,1000,1987.454341
-2890.377675,1000,1988.496586
-672.360986,1000,1990.570117
-1833.629704,1000,1991.627138
-157.93744,1000,1993.716636
-144.734056,1000,1994.776665
-3276.939569,1000,1996.884117
-2344.215158,1000,1997.948172
-977.370894,1000,2000.065232
265.501573,1000,2001.10181
-656.209778,1000,2003.273931
-227.119224,1000,2004.308672
27.262252,1000,2005.343149
-1032.660157,1000,2007.421405
-1199.794008,1000,2008.466965
-612.319408,1000,2010.583553
-725.396833,1000,2011.636782
246.53944,1000,2013.745095
-1405.925146,1000,2014.804988
-1256.133531,1000,2016.922236
-2231.421028,1000,2017.980973
-1275.507048,1000,2020.192824
-605.065816,1000,2021.376188
-2344.273477,1000,2023.474911
74.526574,1000,2024.521982
-266.82199,1000,2026.617794
-219.951426,1000,2027.65459
-379.791914,1000,2029.757317
-52.403824,1000,2030.797906
-644.705371,1000,2032.897076
-195.685683,1000,2033.958787
-955.942338,1000,2036.103303
-1355.714998,1000,2037.160928
-539.548386,1000,2039.267782
-1221.940694,1000,2040.325934
-1794.247714,1000,2042.482677
-145.937448,1000,2043.568979
-60.059122,1000,2045.719863
-157.199866,1000,2046.781336
-147.269414,1000,2048.965518
-517.787177,1000,2050.019831
-208.828142,1000,2052.1208
-32.600456,1000,2053.173973
-896.578612,1000,2055.341668
-639.349443,1000,2056.383581
-1068.27868,1000,2058.469025
-18.055335,1000,2059.505024
-710.159839,1000,2061.566686
-199.831743,1000,2062.60559
3.99622,1000,2064.693943
-1734.763037,1000,2065.752135
117.944792,1000,2067.864272
-1575.347523,1000,2068.905995
-44.179755,1000,2071.002829
56.170436,1000,2072.048519
-262.142955,1000,2073.091667
-3229.782427,1000,2075.187094
-759.706047,1000,2076.227535
-50.767972,1000,2078.304783
-81.772317,1000,2079.345031
-1296.846771,1000,2081.419244
84.511409,1000,2082.454234
-1567.465084,1000,2084.536306
61.139893,1000,2085.581724
-1109.434591,1000,2087.71187
115.754632,1000,2088.759409
-1108.874117,1000,2090.838027
204.164039,1000,2091.873263
-703.181269,1000,2093.958047
211.016221,1000,2094.995076
-64.069626,1000,2097.084324
-165.798699,1000,2098.137475
-284.342846,1000,2100.259948
-118.100819,1000,2101.314132
369.570606,1000,2103.4146
-1072.714358,1000,2104.476597
-411.405412,1000,2106.583336
-511.885153,1000,2107.643308
-1862.85917,1000,2109.759012
-548.467634,1000,2110.801463
49.306786,1000,2112.894392
144.511152,1000,2113.951165
-211.267017,1000,2116.043504
-648.509495,1000,2117.1003
-1271.945428,1000,2119.201867
-885.162439,1000,2120.259978
-792.19429,1000,2122.369478
-1438.857499,1000,2123.431589
-410.581835,1000,2125.548798
44.023223,1000,2126.6069
-330.638715,1000,2128.720686
-1966.412754,1000,2129.77814
-105.470699,1000,2131.920913
-1155.71707,1000,2132.980969
-1856.61745,1000,2135.135118
-919.822854,1000,2136.193921
-3697.788789,1000,2138.307191
-1709.786371,1000,2139.358159
-343.233476,1000,2140.405168
-954.598028,1000,2142.490751
281.227624,1000,2143.527928
161.209342,1000,2145.698061
-433.36069,1000,2146.788339
157.520285,1000,2148.901027
-1836.857914,1000,2149.9584
-390.373291,1000,2152.056909
-2077.021249,1000,2153.113274
-1290.470914,1000,2155.198791
-1539.489029,1000,2156.246663
104.325974,1000,2158.376539
-654.101611,1000,2159.432954
-1457.209229,1000,2161.532065
-2610.788283,1000,2162.590781
-1437.705004,1000,2164.714003
-557.737213,1000,2165.773113
-654.810953,1000,2167.85994
-1189.930842,1000,2168.930555
-105.408008,1000,2171.012488
-630.245417,1000,2172.061565
-2367.742332,1000,2174.142281
46.232731,1000,2175.178411
94.678792,1000,2177.243544
-1762.375867,1000,2178.288805
-2941.613484,1000,2180.371746
-438.691874,1000,2181.431147
-1637.800528,1000,2183.537639
-946.49535,1000,2184.595405
-3937.915127,1000,2186.726724
-1153.815724,1000,2187.775933
-3258.59546,1000,2189.890208
244.654433,1000,2190.941946
-583.156356,1000,2193.071551
-977.428875,1000,2194.241631
222.125169,1000,2196.362912
139.152359,1000,2197.409163
-660.09973,1000,2199.489417
-191.978647,1000,2200.535612
-467.650194,1000,2202.614081
-1735.542193,1000,2203.665306
-970.575634,1000,2205.856707
-674.032558,1000,2206.904919
-1141.173163,1000,2207.952199
-602.531248,1000,2210.056035
-226.166568,1000,2211.10587
114.370055,1000,2213.190989
-1682.4987,1000,2214.233981
-1699.209975,1000,2216.33758
-2095.289729,1000,2217.377574
-167.041372,1000,2219.487278
-254.442338,1000,2220.522352
-350.250637,1000,2222.646995
-706.025015,1000,2223.812396
-105.069273,1000,2225.929958
-1879.341038,1000,2226.992045
-404.017037,1000,2229.133438
-3953.917237,1000,2230.175442
-1076.777895,1000,2232.262378
-1541.064516,1000,2233.301034
-1278.026337,1000,2235.37438
-324.632412,1000,2236.414201
-758.424164,1000,2238.484719
-811.029321,1000,2239.526752
-867.20874,1000,2241.680882
-541.798749,1000,2242.733794
-2015.901205,1000,2244.793466
-3230.383109,1000,2245.82732
-401.761566,1000,2247.935437
-274.015899,1000,2248.977596
-762.796439,1000,2251.080115
177.903462,1000,2252.128628
33.799152,1000,2254.222287
-1668.540771,1000,2255.269347
257.434033,1000,2257.350993
-603.500851,1000,2258.406707
-1629.714154,1000,2260.487559
-3789.175261,1000,2261.532032
47.578407,1000,2263.616556
-1016.351121,1000,2264.661899
-759.526652,1000,2266.745226
27.253188,1000,2267.79162
-568.080136,1000,2269.869053
268.128766,1000,2270.902127
-1709.973723,1000,2273.004565
233.713345,1000,2274.045396
-560.786578,1000,2275.081308
-378.389634,1000,2277.167274
-511.226465,1000,2278.277863
-1120.525202,1000,2280.349913
-126.28027,1000,2281.390987
-119.907008,1000,2283.471127
-137.906295,1000,2284.514379
-908.098855,1000,2286.610976
-1205.971691,1000,2287.670135
-87.870079,1000,2289.775686
-2133.988112,1000,2290.833537
-1212.924084,1000,2292.936701
-1368.307802,1000,2293.995617
-500.718639,1000,2296.096666
-1553.645792,1000,2297.172045
-1596.499928,1000,2299.243943
-275.68615,1000,2300.278676
-678.935476,1000,2302.334951
13.12695,1000,2303.377038
-726.448565,1000,2305.463314
-1162.480085,1000,2306.523492
-1538.720157,1000,2308.632522
-243.850233,1000,2309.692658
-297.785594,1000,2311.80495
-914.605522,1000,2312.854076
-1231.568887,1000,2314.947977
-269.384109,1000,2315.991968
-313.69049,1000,2318.058266
-484.467714,1000,2319.100198
-584.959748,1000,2321.166124
-228.024729,1000,2322.208369
49.126014,1000,2324.397367
-105.649811,1000,2325.446758
-94.205928,1000,2327.537696
-841.233634,1000,2328.586466
-1692.30693,1000,2330.659153
-524.442313,1000,2331.705288
-238.601759,1000,2333.804051
-2675.067567,1000,2334.851047
-1434.216962,1000,2336.947168
-614.098497,1000,2337.997308
-529.660075,1000,2340.087717
-1047.537826,1000,2341.14036
-964.239655,1000,2342.194754
-44.658219,1000,2344.32161
-28.292802,1000,2345.380274
-232.265578,1000,2347.481767
-1027.993762,1000,2348.52786
-897.39746,1000,2350.642938
-146.395425,1000,2351.692772
-482.706852,1000,2353.776765
-1345.447916,1000,2354.820901
209.147025,1000,2356.922716
16.995728,1000,2357.981572
-649.810618,1000,2360.085548
-324.488155,1000,2361.14728
-349.90084,1000,2363.253968
-1212.838896,1000,2364.303731
-377.292268,1000,2366.412485
-222.720639,1000,2367.46328
-197.109885,1000,2369.551974
-220.230425,1000,2370.59902
-582.538567,1000,2372.687252
-762.851303,1000,2373.738434
-419.937178,1000,2375.884834
-504.962188,1000,2376.941367
-218.470389,1000,2379.071924
-175.177822,1000,2380.113593
-305.25243,1000,2382.205982
-2831.124046,1000,2383.292849
54.108827,1000,2385.461354
-1719.876965,1000,2386.518363
-332.007677,1000,2388.646344
-597.50413,1000,2389.704305
81.821735,1000,2391.829382
-1076.966182,1000,2392.878859
-1189.186332,1000,2394.955483
-310.369989,1000,2396.011511
-339.986687,1000,2398.110439
-1514.983231,1000,2399.170117
-505.773693,1000,2401.266054
-695.380691,1000,2402.325177
31.268259,1000,2404.425756
46.070394,1000,2405.477737
120.554942,1000,2406.530523
-623.079415,1000,2408.703347
-475.660876,1000,2409.740857
-2210.649374,1000,2411.838595
-2044.535728,1000,2412.892495
-1043.035095,1000,2415.047872
-915.174441,1000,2416.144522
-1229.267444,1000,2418.223349
-1933.608784,1000,2419.268157
-227.421768,1000,2421.344284
48.80991,1000,2422.382129
-113.43633,1000,2424.450713
-30.228075,1000,2425.492916
-523.763234,1000,2427.583961
-1686.516961,1000,2428.644373
-154.103857,1000,2430.750313
-1877.317324,1000,2431.791811
-785.143718,1000,2433.872052
-1340.662665,1000,2434.916932
-1586.78772,1000,2436.994804
-691.76121,1000,2438.050416
-633.27519,1000,2440.269207
-1660.453436,1000,2441.41015
-1847.325643,1000,2443.634276
-536.837653,1000,2444.669349
-561.787129,1000,2446.731397
-118.163777,1000,2447.76684
-16.141527,1000,2449.844543
-54.666542,1000,2450.881457
-970.314702,1000,2453.093858
-1597.992825,1000,2454.133209
-269.371909,1000,2456.190445
53.309324,1000,2457.224818
76.375661,1000,2459.303018
-1409.780132,1000,2460.344279
-854.210605,1000,2462.411616
-1482.598157,1000,2463.453807
-1183.478242,1000,2465.526432
-265.244282,1000,2466.564299
-2449.947048,1000,2468.63674
-86.349329,1000,2469.684551
-533.625786,1000,2471.783819
-214.804096,1000,2472.822212
-18.180609,1000,2473.865636
-40.396368,1000,2475.966399
-552.950044,1000,2477.024753
-508.82989,1000,2479.129848
122.417647,1000,2480.188622
-2079.814829,1000,2482.315769
-13.910239,1000,2483.385248
-2290.23826,1000,2485.493007
-162.540015,1000,2486.5433
-335.199298,1000,2488.63193
196.863119,1000,2489.675172
-183.273172,1000,2491.76823
-188.149776,1000,2492.830241
-354.584,1000,2494.904697
-661.936141,1000,2495.942653
-1358.112415,1000,2498.037107
32.225442,1000,2499.077675
-443.701524,1000,2501.299731
-1720.639252,1000,2502.345161
32.626709,1000,2504.424881
-1067.475015,1000,2505.472185
-383.857656,1000,2507.557126
-393.060014,1000,2508.598924
-1703.801803,1000,2510.676901
-320.903332,1000,2511.715194
-1137.647063,1000,2513.844864
-566.177712,1000,2514.906479
-853.923081,1000,2517.122876
-1101.781436,1000,2518.203746
-1709.380932,1000,2520.282471
-619.104987,1000,2521.321228
14.818421,1000,2523.404136
-1434.403389,1000,2524.48461
-824.440629,1000,2526.59234
-1015.756663,1000,2527.653897
-924.339571,1000,2529.758349
-401.607695,1000,2530.822358
-1065.590539,1000,2532.947308
-853.598237,1000,2533.99366
-464.615839,1000,2536.073465
-12.278125,1000,2537.117747
78.769632,1000,2539.207316
-1180.164705,1000,2540.260467
-176.584232,1000,2541.309295
-93.390748,1000,2543.409345
-698.585371,1000,2544.459094
-1766.047944,1000,2546.547692
-558.706851,1000,2547.597342
-2841.668735,1000,2549.678294
-1715.66143,1000,2550.724709
-3049.139772,1000,2552.811832
136.867403,1000,2553.858814
-64.891189,1000,2555.94748
-2222.053216,1000,2557.00541
-2373.887103,1000,2559.095306
-363.834919,1000,2560.142552
-508.375911,1000,2562.21065
-993.259568,1000,2563.255466
-2492.065016,1000,2565.309346
-132.887564,1000,2566.347172
-478.643967,1000,2568.406673
125.811572,1000,2569.442837
-507.747135,1000,2571.539236
-1138.103913,1000,2572.592198
62.722397,1000,2574.682847
-886.895342,1000,2575.749329
-1058.542477,1000,2577.843949
-4.542992,1000,2578.894674
-522.615275,1000,2580.97452
-861.321798,1000,2582.035381
-382.562058,1000,2584.138324
1.005648,1000,2585.190029
-417.54188,1000,2587.279357
-1897.105457,1000,2588.332565
-589.520908,1000,2590.425255
-1330.185241,1000,2591.476986
-2371.500798,1000,2593.598296
232.650657,1000,2594.656452
-319.892396,1000,2596.739316
-1338.590696,1000,2597.795626
-2717.232751,1000,2599.873359
-270.667906,1000,2600.931504
-597.879876,1000,2603.017037
-376.758249,1000,2604.075931
39.408063,1000,2606.157814
-355.001517,1000,2607.215003
-532.361707,1000,2608.271063
-2024.258793,1000,2610.354079
203.294084,1000,2611.4114
-1260.105075,1000,2613.487249
-991.609447,1000,2614.542686
124.784771,1000,2616.634867
-1498.119502,1000,2617.699482
-529.338498,1000,2619.782342
-1991.690155,1000,2620.842165
-886.260546,1000,2622.943704
-741.727576,1000,2623.999733
-1164.329894,1000,2626.106418
-569.450344,1000,2627.163263
-1856.210892,1000,2629.266674
88.704985,1000,2630.388049
-689.849951,1000,2632.552566
-612.799423,1000,2633.605362
-3.313316,1000,2635.723291
-1599.843029,1000,2636.771232
-191.092126,1000,2638.877786
-1969.880894,1000,2639.92376
53.913712,1000,2642.010876
-214.537969,1000,2643.062122
-466.120316,1000,2645.229844
-1066.826313,1000,2646.280145
-911.513126,1000,2648.361154
-786.259534,1000,2649.40903
-1577.72443,1000,2651.492662
27.418634,1000,2652.54354
-2247.572136,1000,2654.615913
-1190.112866,1000,2655.659963
-150.676776,1000,2657.747893
-49.523174,1000,2658.793431
-1610.485993,1000,2660.87319
-1598.13226,1000,2661.921135
-260.576368,1000,2664.00381
-361.105798,1000,2665.059593
-334.803022,1000,2667.148081
96.943923,1000,2668.208579
68.369526,1000,2670.325274
-2535.131515,1000,2671.387638
-1328.092437,1000,2673.511096
29.659357,1000,2674.577388
-1283.974678,1000,2675.64406
-779.125484,1000,2677.762922
-1069.773382,1000,2678.82965
-998.131048,1000,2680.975581
-905.380837,1000,2682.03013
-705.052123,1000,2684.133644
65.025851,1000,2685.206011
-72.510717,1000,2687.35204
-588.393659,1000,2688.395519
-108.189596,1000,2690.474814
-233.66516,1000,2691.52409
-1467.468841,1000,2693.60296
-340.378741,1000,2694.678594
-627.806891,1000,2696.782834
-345.42096,1000,2697.851935
-217.060704,1000,2699.95451
-235.502733,1000,2701.005503
-1716.77104,1000,2703.169068
-638.546684,1000,2704.221136
-869.888137,1000,2706.304854
72.019003,1000,2707.434479
-1184.380529,1000,2709.541454
-1486.001428,1000,2710.589264
-2474.371567,1000,2712.686565
-85.870672,1000,2713.740078
-1391.696751,1000,2715.81636
-55.030778,1000,2716.859088
136.584678,1000,2718.921682
-442.178527,1000,2719.974895
109.596955,1000,2722.091803
-421.453122,1000,2723.138089
-235.370949,1000,2725.260659
35.959421,1000,2726.330324
-83.395155,1000,2728.424826
67.086638,1000,2729.474531
-1103.549771,1000,2731.533756
57.87316,1000,2732.580329
-609.45457,1000,2734.674632
-46.804678,1000,2735.736477
-130.80568,1000,2737.841717
-240.391581,1000,2738.920102
-666.120062,1000,2740.996059
-1076.674272,1000,2742.042252
-1519.08055,1000,2743.0958
-469.353688,1000,2745.165314
-124.26117,1000,2746.222735
-412.467296,1000,2748.285241
-2144.433799,1000,2749.334239
-311.900805,1000,2751.429621
-2117.636255,1000,2752.488343
-44.457572,1000,2754.571554
-540.240686,1000,2755.62108
-232.126486,1000,2757.718562
-868.549702,1000,2758.868326
-280.543757,1000,2761.069683
-2482.128266,1000,2762.13595
-12.997403,1000,2764.352515
-227.277192,1000,2765.398358
-3167.827968,1000,2767.49111
10.339532,1000,2768.532841
-2171.577201,1000,2770.768221
-1220.928821,1000,2771.817481
-110.585896,1000,2773.94105
-2454.729956,1000,2774.990096
-72.143865,1000,2777.075642
-3193.300541,1000,2778.121056
-2275.719292,1000,2780.204635
-904.47305,1000,2781.252308
-617.719624,1000,2783.334857
-1357.340191,1000,2784.380107
-474.723061,1000,2786.48126
-851.854581,1000,2787.528478
-2182.485413,1000,2789.657199
23.570833,1000,2790.727047
-1626.734651,1000,2792.839321
-545.01934,1000,2793.886525
-72.651734,1000,2795.966555
-664.879678,1000,2797.01217
-1070.406487,1000,2799.10099
-974.918419,1000,2800.14554
-727.069954,1000,2802.240081
12.496094,1000,2803.291783
37.885109,1000,2805.410676
-1069.063028,1000,2806.510227
-74.406811,1000,2807.601688
-1042.761905,1000,2809.704502
-1710.349411,1000,2810.751838
-470.148481,1000,2812.8235
-22.706503,1000,2813.870027
-497.967996,1000,2815.93941
-618.0432,1000,2816.982906
-1010.831917,1000,2819.059464
-976.801718,1000,2820.103597
-63.475768,1000,2822.187181
-338.527586,1000,2823.235122
-2548.213768,1000,2825.321096
-399.236875,1000,2826.369143
-487.465042,1000,2828.461694
-222.004026,1000,2829.514572
-1362.767639,1000,2831.597461
-26.08233,1000,2832.643748
-1285.987191,1000,2834.726069
-6.561784,1000,2835.771701
-318.330036,1000,2837.844812
27.490585,1000,2838.888367
-836.819345,1000,2840.984489
-658.526054,1000,2842.047736
-499.335958,1000,2844.150917
-34.664958,1000,2845.213138
-450.667603,1000,2847.346599
-390.114919,1000,2848.413145
-270.365904,1000,2850.563886
-413.539128,1000,2851.629666
-39.236042,1000,2853.737829
-463.583985,1000,2854.786851
-393.185243,1000,2856.889353
-845.871116,1000,2857.957333
-540.119945,1000,2860.15186
-1392.437397,1000,2861.201631
-326.027731,1000,2863.312808
-466.829946,1000,2864.361279
-1010.286112,1000,2866.478129
-1897.250947,1000,2867.527847
44.186582,1000,2869.648138
-227.37054,1000,2870.699562
-1712.524444,1000,2872.809351
-2929.069674,1000,2873.858938
-698.983498,1000,2874.912228
-791.012824,1000,2876.996143
-404.272871,1000,2878.043637
-383.278647,1000,2880.128866
-1026.351108,1000,2881.177366
-95.857752,1000,2883.259844
-69.833588,1000,2884.313004
-389.49241,1000,2886.401492
-1193.134949,1000,2887.448246
-126.549332,1000,2889.521355
46.172576,1000,2890.567216
-616.573471,1000,2892.648781
-759.225768,1000,2893.691978
-1433.552108,1000,2895.802533
-2643.090391,1000,2896.851399
-812.892107,1000,2898.915479
-142.956305,1000,2899.954972
-1850.456902,1000,2902.07538
-1651.785253,1000,2903.12958
-732.297319,1000,2905.269758
-1369.564576,1000,2906.408187
-1042.513245,1000,2908.577987
-1277.109494,1000,2909.640399
75.674723,1000,2911.749148
-392.66609,1000,2912.800735
-915.770766,1000,2914.894128
-3802.468081,1000,2915.948573
-2811.526221,1000,2918.037787
-972.96832,1000,2919.085393
-2517.655465,1000,2921.164594
-149.523918,1000,2922.21552
-2394.55684,1000,2924.411429
-1169.469652,1000,2925.480597
-1008.79158,1000,2927.578199
-1331.382063,1000,2928.626969
-764.125535,1000,2930.75078
-405.000583,1000,2931.800653
-1652.648762,1000,2933.878686
-802.210792,1000,2934.922927
-763.393549,1000,2937.019405
-869.81294,1000,2938.068056
-173.743365,1000,2940.186788
-2363.803103,1000,2941.223516
-503.120553,1000,2942.261013
-221.628215,1000,2944.414354
20.729466,1000,2945.545329
-248.234583,1000,2947.643086
-161.730672,1000,2948.697311
-846.220185,1000,2950.823998
-2454.174676,1000,2951.888911
-1850.077735,1000,2953.991591
-1069.658428,1000,2955.054717
-1209.11364,1000,2957.129223
-435.421582,1000,2958.175107
-138.397993,1000,2960.230377
-77.126319,1000,2961.274384
-726.955372,1000,2963.33164
-823.309348,1000,2964.376894
-823.76075,1000,2966.459971
-509.202747,1000,2967.49794
-157.924687,1000,2969.556172
-140.132948,1000,2970.598075
-2306.812823,1000,2972.690059
-24.946286,1000,2973.753419
-1252.901509,1000,2975.891743
-250.201613,1000,2976.942276
-1198.256334,1000,2979.025608
-220.073317,1000,2980.080364
-515.727221,1000,2982.182008
-258.976654,1000,2983.242544
-79.485236,1000,2985.3353
-230.054167,1000,2986.389754
-428.186179,1000,2988.561825
-359.693081,1000,2989.623273
-764.377963,1000,2991.736359
-205.953465,1000,2992.798338
-1784.721676,1000,2994.929239
-267.572384,1000,2995.977474
-2136.289844,1000,2998.097137
-391.442714,1000,2999.147041
-587.831915,1000,3001.237039
-99.849364,1000,3002.295998
-1103.25075,1000,3004.422756
-1963.106713,1000,3005.481966
-116.764098,1000,3007.59565
-89.836134,1000,3008.646944
-1121.169864,1000,3009.703699
-2.494644,1000,3011.793386
-210.11353,1000,3012.844016
-581.003992,1000,3014.929779
23.803164,1000,3015.980663
-198.79323,1000,3018.079806
-2093.46414,1000,3019.129227
101.175295,1000,3021.210158
123.38872,1000,3022.254838
-391.161142,1000,3024.332838
-159.568973,1000,3025.384017
-109.733786,1000,3027.465917
-2463.557307,1000,3028.518838
-1755.629917,1000,3030.627232
-1849.531607,1000,3031.678671
-1414.022873,1000,3033.765528
-1093.190381,1000,3034.815547
-932.092499,1000,3036.91549
-995.778753,1000,3037.964234
-2846.148942,1000,3040.083009
-574.970182,1000,3041.13699
-2111.141505,1000,3043.212548
-561.408981,1000,3044.254128
-77.099974,1000,3046.370692
-1235.205937,1000,3047.413854
-85.285839,1000,3049.48271
-1876.413076,1000,3050.522041
-285.181861,1000,3052.620539
-263.563284,1000,3053.683955
-620.404928,1000,3055.818039
-225.363966,1000,3056.882949
-2844.106495,1000,3058.966819
-131.045506,1000,3060.013559
-386.284429,1000,3062.100362
-1624.173692,1000,3063.181008
62.012777,1000,3065.272663
-1841.150023,1000,3066.323157
-428.04159,1000,3068.422174
-548.119541,1000,3069.482766
-513.461549,1000,3071.592753
-2508.191574,1000,3072.658609
-2824.920093,1000,3074.762466
-97.607436,1000,3075.824389
-2106.347135,1000,3076.884406
-85.975362,1000,3079.003428
-954.4437,1000,3080.073541
-256.788892,1000,3082.153113
-2856.844758,1000,3083.194952
-78.662942,1000,3085.26278
-534.489678,1000,3086.305902
-459.35412,1000,3088.388746
-405.538765,1000,3089.429692
-64.779415,1000,3091.512187
-524.2571,1000,3092.566559
-157.799829,1000,3094.655271
-662.704084,1000,3095.712136
-166.823006,1000,3097.820416
-2069.082814,1000,3098.87513
-1009.536473,1000,3100.984322
-103.634956,1000,3102.030767
-924.749134,1000,3104.115955
-98.419976,1000,3105.162972
-1538.432892,1000,3107.271786
-982.259251,1000,3108.315763
-1881.640887,1000,3110.423181
-1638.262346,1000,3111.47083
-589.530935,1000,3113.547638
-231.708798,1000,3114.596148
-289.666705,1000,3116.677101
-562.875133,1000,3117.723478
-370.947186,1000,3119.865264
-858.834449,1000,3120.928524
-658.079519,1000,3123.091104
-154.514872,1000,3124.152696
-360.176134,1000,3126.293777
-287.778543,1000,3127.358692
-1149.236833,1000,3129.495441
-38.919473,1000,3130.566552
-1452.465399,1000,3132.667849
-19.524502,1000,3133.717775
-2317.606137,1000,3135.804764
-708.541028,1000,3136.853551
-401.172625,1000,3138.93476
-1416.506084,1000,3139.982636
-421.70972,1000,3142.15136
-130.784002,1000,3143.204245
-351.840082,1000,3144.251504
-2050.264448,1000,3146.353984
-266.507635,1000,3147.421312
-568.832473,1000,3149.50923
-63.29843,1000,3150.5587
-380.54008,1000,3152.650554
-558.26349,1000,3153.712931
-1242.737182,1000,3155.843001
23.924435,1000,3156.899246
-790.941779,1000,3159.012658
13.364351,1000,3160.057117
-1048.094695,1000,3162.139599
-1889.285685,1000,3163.189461
-292.635601,1000,3165.292673
-3742.072035,1000,3166.345604
-330.158206,1000,3168.438112
-784.401689,1000,3169.482841
-894.50791,1000,3171.592509
108.797958,1000,3172.653184
-568.958356,1000,3174.760075
-851.625357,1000,3175.820424
-2829.110769,1000,3177.927703
-618.010122,1000,3178.982041
-497.275997,1000,3181.072495
-611.683347,1000,3182.128065
-2166.619582,1000,3184.247217
-738.36328,1000,3185.297735
-439.397006,1000,3187.356635
-1418.7959,1000,3188.400857
-481.200517,1000,3190.459792
-900.867907,1000,3191.50575
-1498.724613,1000,3193.630844
-130.896059,1000,3194.691864
-983.70826,1000,3196.799729
-830.64645,1000,3197.863893
-272.307088,1000,3199.999106
-358.284294,1000,3201.046196
-1701.464998,1000,3203.137949
-595.90777,1000,3204.187748
-748.391493,1000,3206.270963
4.678233,1000,3207.313771
-811.340897,1000,3208.358327
-1930.974786,1000,3210.431253
-1.844093,1000,3211.468377
-420.478139,1000,3213.533219
-314.322421,1000,3214.572115
-599.529488,1000,3216.659881
-188.748373,1000,3217.69673
-195.181388,1000,3219.772094
-49.258757,1000,3220.819689
-470.484421,1000,3222.900462
-678.958618,1000,3223.951272
-1733.869812,1000,3226.07678
30.521352,1000,3227.139005
-383.044649,1000,3229.281071
-1173.351582,1000,3230.347829
-1258.71132,1000,3232.424049
-1592.279143,1000,3233.467644
-1481.663691,1000,3235.575355
-892.580682,1000,3236.629648
-1957.420011,1000,3238.735432
-106.624571,1000,3239.794457
-2447.919148,1000,3241.895044
-866.939013,1000,3242.954845
-717.552822,1000,3245.05735
-71.85029,1000,3246.122535
-1981.990109,1000,3248.231021
-746.50429,1000,3249.279366
-525.232443,1000,3251.362378
-1347.25072,1000,3252.41453
-2467.057399,1000,3254.544598
-821.680703,1000,3255.605672
-1923.170048,1000,3257.747471
-505.807426,1000,3258.81135
-791.944142,1000,3260.930523
-109.067676,1000,3261.972304
-58.777728,1000,3264.119317
-1608.711829,1000,3265.163758
-24.114916,1000,3267.231543
-703.026832,1000,3268.273219
-520.480911,1000,3270.343845
-1259.411531,1000,3271.386545
-625.66885,1000,3273.49041
-1334.521046,1000,3274.528821
-41.062702,1000,3275.585852
-2434.056317,1000,3277.69082
-379.251628,1000,3278.74103
-214.25164,1000,3280.805032
-587.843987,1000,3281.855402
-1172.11759,1000,3283.964093
-1388.958527,1000,3285.024742
-912.926849,1000,3287.111306
-733.369336,1000,3288.148165
-1114.300033,1000,3290.223922
-515.286933,1000,3291.26794
-110.853715,1000,3293.398825
-1826.899528,1000,3294.436316
-1003.382665,1000,3296.508936
-374.832792,1000,3297.545349
-264.295122,1000,3299.7096
-646.154424,1000,3300.764464
-143.74481,1000,3302.891675
-312.852675,1000,3303.942446
-441.084865,1000,3306.021256
-109.718089,1000,3307.067071
-374.895156,1000,3309.317755
-447.318567,1000,3310.37723
-2946.915136,1000,3312.472554
-1279.997103,1000,3313.529942
-1118.368834,1000,3315.610253
-520.027321,1000,3316.669029
-159.20532,1000,3318.755744
-467.145573,1000,3319.814651
-1126.620196,1000,3321.923018
-244.744055,1000,3322.989171
-1822.021788,1000,3325.077716
-2288.296023,1000,3326.120923
-1031.256098,1000,3328.222683
-351.82249,1000,3329.280833
-339.922948,1000,3331.383132
-234.428155,1000,3332.435319
-337.267489,1000,3334.563337
-1195.237553,1000,3335.626844
-5.057189,1000,3337.725322
-144.440157,1000,3338.776901
-191.491195,1000,3340.862378
-134.702417,1000,3341.907816
-440.918295,1000,3342.95848
-456.971502,1000,3345.042459
-493.562181,1000,3346.096643
-2504.028107,1000,3348.163473
-395.779303,1000,3349.198259
-63.382396,1000,3351.3313
-379.438241,1000,3352.371984
-743.47402,1000,3354.486233
-1460.699063,1000,3355.546744
-581.546531,1000,3357.654567
-237.668122,1000,3358.715364
-36.421597,1000,3360.823338
-1165.481333,1000,3361.889186
-1250.043221,1000,3363.982206
-337.459542,1000,3365.018586
-158.875401,1000,3367.08327
-226.937396,1000,3368.143951
-852.748298,1000,3370.224839
-383.962805,1000,3371.283105
-3237.014399,1000,3373.404895
-709.110385,1000,3374.454438
-582.817449,1000,3376.548092
-327.549711,1000,3377.610905
-94.333397,1000,3379.785578
-1579.61252,1000,3380.956362
-1034.250338,1000,3383.067312
-365.765676,1000,3384.119738
-1285.941802,1000,3386.213517
-1637.650079,1000,3387.264242
-102.519483,1000,3389.350317
-2366.607874,1000,3390.398362
-590.044419,1000,3392.507939
-1295.670797,1000,3393.572557
-562.114765,1000,3395.681278
-195.377685,1000,3396.742635
-62.920477,1000,3398.863418
-1038.980932,1000,3399.923882
-56.424861,1000,3402.007786
-343.633405,1000,3403.062573
-587.697044,1000,3405.14347
-1462.642125,1000,3406.202517
-1059.547882,1000,3408.323634
-497.847464,1000,3409.380474
-1513.651311,1000,3410.427242
75.513772,1000,3412.531016
-2879.863911,1000,3413.577787
-795.965885,1000,3415.662271
-1335.63785,1000,3416.711586
-950.97688,1000,3418.78143
84.259581,1000,3419.819767
-595.960134,1000,3421.945719
-64.872377,1000,3422.987152
-1042.471411,1000,3425.061784
-90.787704,1000,3426.104146
-460.463969,1000,3428.204518
-119.929942,1000,3429.251704
-208.030985,1000,3431.318852
-847.711392,1000,3432.371548
-43.696744,1000,3434.457185
-1410.749662,1000,3435.500685
-427.411609,1000,3437.592745
-73.177151,1000,3438.636522
-362.590266,1000,3440.723139
-1761.416879,1000,3441.763774
-16.86668,1000,3443.836777
-1227.170066,1000,3444.885263
-1889.949024,1000,3446.988141
-505.745305,1000,3448.050594
-1159.829877,1000,3450.166436
-1062.187336,1000,3451.227141
-1265.295984,1000,3453.341619
-158.85135,1000,3454.386009
-2628.92842,1000,3456.462422
-795.343269,1000,3457.508853
-1062.18508,1000,3459.580137
-1051.085065,1000,3460.625384
37.914964,1000,3462.799923
-887.913743,1000,3463.861945
-300.551514,1000,3465.967445
-1201.316289,1000,3467.033457
-317.699782,1000,3469.153173
-708.315771,1000,3470.201393
-1000.832352,1000,3472.31738
-1976.907944,1000,3473.36084
-332.745418,1000,3475.452743
-103.70599,1000,3476.620654
-1294.813858,1000,3477.790046
-458.251139,1000,3479.934789
-508.36974,1000,3480.97916
-53.810717,1000,3483.080827
-453.374277,1000,3484.124954
-507.467949,1000,3486.266685
-1303.382732,1000,3487.32877
-285.793628,1000,3489.443481
-1351.929178,1000,3490.50359
-815.794674,1000,3492.588406
-933.704136,1000,3493.632971
-47.862796,1000,3495.720838
-751.817519,1000,3496.77349
-600.112837,1000,3498.859564
-23.960456,1000,3499.90855
-306.834115,1000,3502.001284
-947.456067,1000,3503.067595
-3004.894161,1000,3505.146644
-749.86056,1000,3506.186293
-1500.049929,1000,3508.247741
-1542.732184,1000,3509.28811
-374.060533,1000,3511.372489
-609.580524,1000,3512.420347
-343.644554,1000,3514.504894
-686.718834,1000,3515.574268
-1140.724825,1000,3517.835471
16.350779,1000,3518.92724
-1169.467664,1000,3521.109742
-219.906801,1000,3522.148818
-1987.55307,1000,3524.236102
-163.688079,1000,3525.292225
-587.473639,1000,3527.383358
10.848304,1000,3528.431654
-803.736284,1000,3530.51963
-822.273856,1000,3531.576519
-1514.642197,1000,3533.682336
-114.237328,1000,3534.752711
-1643.266524,1000,3536.873045
-244.029439,1000,3537.916229
-403.057204,1000,3539.979064
-1931.479436,1000,3541.0168
-677.732685,1000,3543.115664
-1550.548557,1000,3544.174382
-550.208908,1000,3545.233358
-1989.841822,1000,3547.405156
-382.379902,1000,3548.460556
-2025.582228,1000,3550.563378
-163.936026,1000,3551.62463
-173.716409,1000,3553.716617
-275.943458,1000,3554.768981
-814.625895,1000,3556.856102
-221.663932,1000,3557.908326
-1067.357079,1000,3559.998027
-1283.183001,1000,3561.049179
-1449.408195,1000,3563.133279
-149.115915,1000,3564.181154
-2109.869575,1000,3566.291993
-206.366871,1000,3567.345757
-2877.702144,1000,3569.428433
-255.951847,1000,3570.476417
-195.488172,1000,3572.582674
-555.94586,1000,3573.645799
-402.837827,1000,3575.8136
-290.211121,1000,3576.859119
-146.461152,1000,3578.959428
-616.196679,1000,3580.005148
-711.468741,1000,3582.222528
-1361.168572,1000,3583.271328
-850.239983,1000,3585.430445
-202.304036,1000,3586.477698
-158.190509,1000,3588.550699
-1153.312306,1000,3589.597641
-2550.225596,1000,3591.73717
-1291.793752,1000,3592.822982
-856.64522,1000,3595.003936
-366.75926,1000,3596.041717
-198.593318,1000,3598.118626
-1350.92687,1000,3599.171527
-1105.935546,1000,3601.297281
-938.036661,1000,3602.35437
-1.951739,1000,3604.486609
-1810.748975,1000,3605.548693
-315.426327,1000,3607.64595
-968.230247,1000,3608.707314
3.904612,1000,3609.764079
-781.618962,1000,3611.931002
-415.590619,1000,3612.999694
49.191013,1000,3615.093195
-2880.84428,1000,3616.152298
-1069.741256,1000,3618.258142
-359.338662,1000,3619.317841
-2403.401116,1000,3621.43091
-193.270209,1000,3622.486882
35.297209,1000,3624.616989
-1003.690318,1000,3625.6829
-112.382165,1000,3627.842224
-97.344969,1000,3628.909217
-1046.466964,1000,3630.988857
-916.828151,1000,3632.039328
-324.652029,1000,3634.139486
-419.951671,1000,3635.188624
-2987.133164,1000,3637.281412
-1795.998436,1000,3638.329617
-1262.640801,1000,3640.391614
-549.847695,1000,3641.440073
-484.630973,1000,3643.512558
-128.688434,1000,3644.558302
-1081.630899,1000,3646.643333
-741.471291,1000,3647.696596
-453.094992,1000,3649.790865
-2042.064881,1000,3650.853998
-1460.133384,1000,3652.960647
-752.523423,1000,3654.017354
-86.418317,1000,3656.110054
-1865.974047,1000,3657.181046
-1297.721085,1000,3659.30741
-651.727259,1000,3660.381946
-1820.549458,1000,3662.470754
-2605.161186,1000,3663.509161
-278.832162,1000,3665.622684
-732.888654,1000,3666.657819
-929.758805,1000,3668.713101
-83.231018,1000,3669.753664
-148.085956,1000,3671.814389
-534.795995,1000,3672.863384
-160.321989,1000,3674.981052
-766.180598,1000,3676.031456
-246.777234,1000,3677.078265
-505.642282,1000,3679.176779
-1496.162124,1000,3680.238666
-351.206584,1000,3682.351619
-173.56945,1000,3683.400576
-1597.373025,1000,3685.516679
-661.726468,1000,3686.568129
-658.825271,1000,3688.654194
-305.366047,1000,3689.706955
-1171.65703,1000,3691.787379
-600.733027,1000,3692.829069
-3483.835817,1000,3694.89849
-1198.195983,1000,3695.948817
-1211.613381,1000,3698.039237
-563.657541,1000,3699.083106
-140.512856,1000,3701.157073
-380.224294,1000,3702.205119
-519.108606,1000,3704.280213
-66.836639,1000,3705.32938
-1007.388145,1000,3707.421494
-464.707702,1000,3708.472469
-258.854757,1000,3710.605902
-89.647039,1000,3711.666326
-820.24489,1000,3713.798638
-286.633303,1000,3714.921586
-644.501252,1000,3717.037505
-675.003461,1000,3718.073917
-1133.613093,1000,3720.145398
-491.940909,1000,3721.192884
-2736.064063,1000,3723.278219
-37.085045,1000,3724.325953
-683.803243,1000,3726.472684
-892.046205,1000,3727.529354
-433.785608,1000,3729.636528
-658.917047,1000,3730.685373
-326.413695,1000,3732.775721
-873.608617,1000,3733.834483
-709.063668,1000,3735.916333
-1740.213253,1000,3736.9701
-1586.481367,1000,3739.032453
-278.095477,1000,3740.077421
-337.884467,1000,3742.16918
-0.772742,1000,3743.232865
-704.52942,1000,3744.30572
-1019.769354,1000,3746.411867
-1694.553473,1000,3747.465325
-793.463601,1000,3749.64274
-1198.048126,1000,3750.702771
-1518.945589,1000,3752.80373
-238.656611,1000,3753.87214
-892.562643,1000,3756.014194
-517.84082,1000,3757.073576
-1814.997445,1000,3759.184465
-464.493645,1000,3760.243956
-277.925095,1000,3762.394433
-664.650113,1000,3763.457504
-403.833335,1000,3765.575572
-298.932319,1000,3766.654656
-645.771549,1000,3768.741737
-1779.493024,1000,3769.79453
-642.763547,1000,3771.875936
-1547.380131,1000,3772.922551
-1557.337693,1000,3775.0239
-778.325678,1000,3776.074252
-479.689481,1000,3778.155958
-485.939372,1000,3779.204105
-688.456925,1000,3781.349702
-414.301861,1000,3782.414053
-928.008959,1000,3784.541531
-90.412153,1000,3785.608776
-1419.209326,1000,3787.708258
-1587.118936,1000,3788.769501
-1026.295501,1000,3790.871171
-148.789816,1000,3791.948023
-1470.589322,1000,3794.053288
-209.842786,1000,3795.118606
-371.066336,1000,3797.23245
-165.041805,1000,3798.28688
-1436.677985,1000,3800.37836
-815.060618,1000,3801.446894
-1370.882605,1000,3803.55541
-1227.976428,1000,3804.621272
-601.987852,1000,3806.745593
-1058.089839,1000,3807.790401
-356.673459,1000,3809.895474
-320.331203,1000,3810.960403
-743.082828,1000,3812.02486
-536.973897,1000,3814.127599
-795.775122,1000,3815.178855
-1069.210321,1000,3817.268588
-1231.249168,1000,3818.316112
-1320.590716,1000,3820.572106
-722.247102,1000,3821.622765
-158.870847,1000,3823.69025
-1118.176197,1000,3824.741071
-473.116676,1000,3826.843851
-2367.868018,1000,3827.903278
-1496.913773,1000,3829.997115
-1616.135208,1000,3831.0573
-974.941424,1000,3833.152328
-727.572058,1000,3834.212089
-321.457771,1000,3836.312855
-1926.387407,1000,3837.374812
-1968.92775,1000,3839.477049
-1203.752227,1000,3840.625011
-907.709807,1000,3842.739294
-782.603271,1000,3843.789419
-244.00086,1000,3845.878462
-609.440587,1000,3846.929234
-806.910949,1000,3849.015945
-295.4017,1000,3850.065213
-782.152178,1000,3852.1542
-824.721613,1000,3853.206303
-233.078595,1000,3855.297809
-227.398768,1000,3856.349987
-810.998062,1000,3858.486686
-496.954318,1000,3859.550767
-544.928217,1000,3861.66201
-460.087611,1000,3862.715772
-1033.644862,1000,3864.803583
-1900.96231,1000,3865.856431
-657.032846,1000,3867.971748
-1100.23472,1000,3869.039349
-1656.544039,1000,3871.188878
-1385.301742,1000,3872.254629
-745.728071,1000,3874.373085
-578.630218,1000,3875.437633
-973.543282,1000,3877.549187
-990.719681,1000,3878.625818
-1903.61094,1000,3879.690644
-2203.371778,1000,3881.798495
-503.200026,1000,3882.849188
-2705.227311,1000,3884.986212
-1058.368792,1000,3886.053597
-1438.792282,1000,3888.155856
-1158.537678,1000,3889.22084
-428.790051,1000,3891.315974
-1199.525931,1000,3892.367907
-504.981041,1000,3894.474165
-435.073226,1000,3895.535323
-487.07545,1000,3897.659873
-981.06784,1000,3898.720014
-1158.919732,1000,3900.830986
-1092.709334,1000,3901.894714
-4005.724502,1000,3904.016077
-1280.20417,1000,3905.06745
-1066.504024,1000,3907.189759
-1977.299023,1000,3908.235729
-931.36275,1000,3910.312705
-1657.776308,1000,3911.376196
-598.500797,1000,3913.536429
-133.667266,1000,3914.598191
-120.460982,1000,3916.715598
-518.113115,1000,3917.767502
-431.807679,1000,3919.875952
-525.244242,1000,3920.932352
-504.854578,1000,3923.030075
-407.046553,1000,3924.095474
-963.601672,1000,3926.205129
-497.938745,1000,3927.270993
-903.72652,1000,3929.375681
-604.695809,1000,3930.443247
-591.278937,1000,3932.539296
-1349.460873,1000,3933.60153
-273.187507,1000,3935.764171
-438.306756,1000,3936.815284
-861.438951,1000,3938.900597
-704.562306,1000,3939.959481
-506.398055,1000,3942.084668
-655.601569,1000,3943.137129
-921.911076,1000,3945.322759
-442.325667,1000,3946.371051
-1081.764579,1000,3947.424432
-785.633583,1000,3949.515343
-2675.648905,1000,3950.570319
-991.665402,1000,3952.672531
-323.524233,1000,3953.721524
-1847.33413,1000,3955.831625
-1672.611663,1000,3956.895297
-1304.326012,1000,3959.008305
-613.640691,1000,3960.070273
-377.723881,1000,3962.184435
-944.088327,1000,3963.245464
-302.522116,1000,3965.366674
-203.017421,1000,3966.431778
-1085.362999,1000,3968.57102
-747.720811,1000,3969.633814
-810.906034,1000,3971.727547
-279.769956,1000,3972.770638
-755.937298,1000,3974.935622
-348.84235,1000,3976.00211
-1537.696874,1000,3978.091592
-751.192734,1000,3979.133955
-814.476239,1000,3981.206156
-1742.34786,1000,3982.246022
-542.318318,1000,3984.327926
-825.447836,1000,3985.373639
-224.410057,1000,3987.44428
-525.408607,1000,3988.489451
-2637.994624,1000,3990.633203
-988.037474,1000,3991.708708
-454.825072,1000,3993.99017
-398.662519,1000,3995.038006
-640.869388,1000,3997.10888
-937.681802,1000,3998.15378
-904.894792,1000,4000.235947
-244.861517,1000,4001.277646
-2587.826622,1000,4003.453298
-407.630709,1000,4004.511482
-1044.889882,1000,4006.626315
-962.671702,1000,4007.687898
-601.66083,1000,4009.820099
-1250.041787,1000,4010.883288
-880.774347,1000,4011.950774
-1436.969993,1000,4014.053405
-979.907811,1000,4015.095399
-1291.638753,1000,4017.166917
-905.753568,1000,4018.216074
-589.368679,1000,4020.341892
-1299.117531,1000,4021.408984
-759.230106,1000,4023.512847
-137.902165,1000,4024.564994
-1550.399895,1000,4026.664385
-546.497995,1000,4027.725839
-1200.541348,1000,4029.838272
-486.866935,1000,4030.888795
-1091.624289,1000,4033.059951
-1521.39853,1000,4034.108743
-1775.210837,1000,4036.201445
-532.083606,1000,4037.257488
-846.375125,1000,4039.354862
-487.169943,1000,4040.40565
-764.130808,1000,4042.488982
-661.617356,1000,4043.531863
-748.875635,1000,4045.609287
-1063.465003,1000,4046.661973
-574.767103,1000,4048.748802
-999.570869,1000,4049.800777
-1783.980476,1000,4051.890414
-1726.835964,1000,4052.945053
-487.454886,1000,4055.022812
-731.94312,1000,4056.08859
-348.750514,1000,4058.176036
-895.779125,1000,4059.22895
-620.345565,1000,4061.328233
-323.371773,1000,4062.379684
-1147.411594,1000,4064.455374
-1653.293774,1000,4065.519995
-344.500191,1000,4067.641353
-549.413751,1000,4068.707232
-258.705227,1000,4070.829944
-691.840025,1000,4071.880074
-402.218839,1000,4073.992021
-552.017451,1000,4075.043595
-831.485667,1000,4077.121954
-711.245744,1000,4078.166344
-342.465289,1000,4079.211517
-1065.912007,1000,4081.37769
-550.551772,1000,4082.426389
-385.947801,1000,4084.527095
-780.921557,1000,4085.576936
-1142.570198,1000,4087.739446
-693.709893,1000,4088.802547
-619.124665,1000,4090.904856
-1438.202376,1000,4091.953836
-1763.93029,1000,4094.094012
-444.625378,1000,4095.142326
-1303.424104,1000,4097.328037
-342.012326,1000,4098.443344
-609.365509,1000,4100.577795
-987.972432,1000,4101.625334
-761.783703,1000,4103.742275
-1702.39073,1000,4104.78884
-520.110628,1000,4106.879107
-1365.761654,1000,4107.934118
-801.205393,1000,4110.041212
-349.700251,1000,4111.094551
-905.817448,1000,4113.208981
-439.732718,1000,4114.260097
-415.479938,1000,4116.362459
-1090.736185,1000,4117.489725
-1398.488855,1000,4119.754426
-1043.516846,1000,4120.898992
-766.533235,1000,4123.000212
-1369.365559,1000,4124.064519
-455.255169,1000,4126.158137
-860.167889,1000,4127.208941
-1029.522533,1000,4129.29674
-859.042645,1000,4130.355701
-265.448797,1000,4132.550438
-810.564078,1000,4133.591468
-251.539238,1000,4135.67146
-407.563371,1000,4136.725111
-1361.133898,1000,4138.840763
-210.962364,1000,4139.890869
-468.783277,1000,4141.972137
-541.533782,1000,4143.00859
-1777.07963,1000,4145.072606
-839.765214,1000,4146.111048
-417.167186,1000,4147.151811
-799.538133,1000,4149.191051
-551.482005,1000,4150.230354
-925.397264,1000,4152.271335
-2395.75661,1000,4153.308941
-2260.473004,1000,4155.388705
-920.869859,1000,4156.438336
-221.176693,1000,4158.526441
-672.198058,1000,4159.570525
-763.521029,1000,4161.66651
-244.538196,1000,4162.727802
-2098.717879,1000,4164.856499
-307.211506,1000,4165.905812
-273.086943,1000,4167.968089
-2578.557242,1000,4169.016371
-307.562316,1000,4171.090778
-492.56501,1000,4172.153225
-741.20174,1000,4174.300298
-400.561933,1000,4175.358495
-2553.370139,1000,4177.463036
-451.526194,1000,4178.524261
-784.370375,1000,4180.616717
-744.911049,1000,4181.67965
-517.883497,1000,4183.810698
-360.930374,1000,4184.869018
-772.806361,1000,4186.96488
-2868.742141,1000,4188.027374
-924.537819,1000,4190.153445
-1920.804479,1000,4191.214358
-817.659813,1000,4193.316998
-3269.093686,1000,4194.373787
-959.197448,1000,4196.491095
-2588.22539,1000,4197.542417
-548.618014,1000,4199.630557
-1342.933557,1000,4200.678477
-3272.724392,1000,4202.763229
-1126.771026,1000,4203.811604
-935.21906,1000,4205.933417
-1511.542441,1000,4206.982926
-776.452647,1000,4209.063451
-2329.011142,1000,4210.114515
-491.227375,1000,4212.204244
-3328.549899,1000,4213.253607
-768.572234,1000,4214.304339
-1638.814689,1000,4216.393292
-1987.136477,1000,4217.4427
-514.727763,1000,4219.570319
-2399.206301,1000,4220.631939
-1495.640576,1000,4222.724608
-576.382143,1000,4223.779463
-2800.226966,1000,4225.868988
-600.796159,1000,4226.921407
-1983.47919,1000,4229.017935
-275.271261,1000,4230.070466
-823.827704,1000,4232.167606
-2754.873667,1000,4233.233958
-1387.514068,1000,4235.321041
-3009.367633,1000,4236.372458
-946.47465,1000,4238.465069
-2204.718761,1000,4239.532295
-1052.181621,1000,4241.594939
-854.599718,1000,4242.653177
-1455.613079,1000,4244.760157
-320.685273,1000,4245.81876
-1098.916004,1000,4247.922532
-816.370448,1000,4248.989319
-1036.202763,1000,4251.083827
-1791.520447,1000,4252.141914
-477.809704,1000,4254.246692
-1220.074692,1000,4255.325292
-2034.907392,1000,4257.397326
-498.93181,1000,4258.500186
-848.583351,1000,4260.614939
-1792.013352,1000,4261.681577
-1881.687487,1000,4263.797042
-832.272113,1000,4264.844387
-631.396778,1000,4266.916481
-578.007869,1000,4267.980828
-3071.368596,1000,4270.081124
-426.390004,1000,4271.1346
-969.582058,1000,4273.243933
-1689.577193,1000,4274.297687
-332.278454,1000,4276.409157
-753.633504,1000,4277.459372
-856.400081,1000,4279.540551
-1548.50122,1000,4280.598289
-279.154473,1000,4281.654016
-329.229638,1000,4283.745902
-1273.098998,1000,4284.793034
-285.389323,1000,4286.887499
-484.347255,1000,4287.940679
-244.153291,1000,4290.012087
-1195.599529,1000,4291.056867
-597.848354,1000,4293.118523
-846.257747,1000,4294.158017
-1967.743624,1000,4296.276978
-674.216714,1000,4297.340751
-1662.089223,1000,4299.43655
-2685.443273,1000,4300.497574
-912.491064,1000,4302.667457
-2955.555051,1000,4303.718708
-792.193966,1000,4305.794364
-473.852495,1000,4306.841101
-1579.4921,1000,4308.921052
-1859.016646,1000,4309.971707
-1233.228548,1000,4312.044154
-3026.46247,1000,4313.102902
-2474.027876,1000,4315.233563
-1161.754257,1000,4316.296082
-887.302445,1000,4318.429354
-1976.936527,1000,4319.472909
-958.769917,1000,4321.558255
-350.805479,1000,4322.60517
-304.191365,1000,4324.738231
-1357.601285,1000,4325.782968
-518.753697,1000,4327.903125
-2063.381017,1000,4328.962326
-562.996774,1000,4331.092771
-1397.054854,1000,4332.157119
-731.597871,1000,4334.255183
-2526.08683,1000,4335.31983
-212.40558,1000,4337.458772
-640.588501,1000,4338.51012
-1643.213025,1000,4340.609021
-1293.09692,1000,4341.675004
-1874.683582,1000,4343.789902
-2014.341365,1000,4344.849396
-2354.736935,1000,4347.003633
-1069.471622,1000,4348.075189
-1944.607769,1000,4349.146457
-485.175845,1000,4351.250365
-1430.41797,1000,4352.297703
-501.344279,1000,4354.387272
-1451.664822,1000,4355.426508
-569.794808,1000,4357.516771
-1426.001385,1000,4358.595693
-1581.28064,1000,4360.863618
-2631.383698,1000,4361.974467
-1235.971392,1000,4364.27323
-2788.148334,1000,4365.331848
-2712.350354,1000,4367.424619
-1528.277086,1000,4368.486531
-904.501572,1000,4370.579149
-257.980701,1000,4371.641726
-2539.177422,1000,4373.771019
-1172.16406,1000,4374.843284
-233.149854,1000,4376.952996
-966.102241,1000,4378.003501
-1457.747147,1000,4380.084645
-1573.56204,1000,4381.129291
-1416.833801,1000,4383.216014
-3907.268292,1000,4384.26179
-973.101267,1000,4386.490474
-2719.423814,1000,4387.53169
-1711.874753,1000,4389.60673
-1327.817825,1000,4390.659836
-821.913875,1000,4392.805911
-1626.992531,1000,4393.861962
-1527.586421,1000,4395.950839
-331.162176,1000,4397.002223
-2505.001369,1000,4399.105702
-3180.558911,1000,4400.172048
-1190.842222,1000,4402.291411
-2844.446922,1000,4403.356333
-1348.61644,1000,4405.489115
-1715.27605,1000,4406.547375
-579.482214,1000,4408.631602
-1326.968904,1000,4409.682452
-1678.748724,1000,4411.77784
-3129.56495,1000,4412.829525
-1079.926164,1000,4413.886814
-1043.992195,1000,4416.006579
-2804.104506,1000,4417.071849
-3286.087184,1000,4419.162333
-1758.030202,1000,4420.205507
-2000.808353,1000,4422.429378
-530.432203,1000,4423.474843
-2208.203698,1000,4425.590752
-368.260513,1000,4426.639916
-937.906618,1000,4428.730463
-1072.234041,1000,4429.778029
-206.012495,1000,4431.890047
-401.903052,1000,4432.955462
-744.646137,1000,4435.05109
-1033.894502,1000,4436.097736
-519.172495,1000,4438.197351
-2372.54206,1000,4439.244474
-452.905633,1000,4441.329067
-1404.165209,1000,4442.375437
-905.391444,1000,4444.450987
-3280.27103,1000,4445.50259
-1063.670882,1000,4447.580893
-1931.549673,1000,4448.647087
-1988.974923,1000,4450.816964
-1377.283397,1000,4451.86335
-3238.142159,1000,4454.042586
-1007.255582,1000,4455.110025
-1484.682554,1000,4457.216361
-1827.815235,1000,4458.290906
-2460.435197,1000,4460.438063
-1432.822029,1000,4461.507654
-2024.00074,1000,4463.608058
-3222.392916,1000,4464.654328
-3338.267008,1000,4466.737886
-896.4011,1000,4467.788124
-395.779126,1000,4469.901521
-696.202971,1000,4470.961531
-814.624057,1000,4473.081184
-1064.15148,1000,4474.13277
-1529.677522,1000,4476.235969
-351.430694,1000,4477.300374
-1118.39889,1000,4479.402951
-2239.960946,1000,4480.470095
-833.977,1000,4481.533327
-403.76007,1000,4483.597945
-852.978278,1000,4484.65985
-532.553999,1000,4486.726345
-600.56403,1000,4487.774857
-1274.010929,1000,4489.877504
-435.651545,1000,4490.937384
-1271.495497,1000,4493.06431
-346.314159,1000,4494.132085
-2106.535903,1000,4496.250325
-540.831111,1000,4497.314629
-592.505959,1000,4499.425699
-1230.589748,1000,4500.487527
-611.280062,1000,4502.669473
-2288.900382,1000,4503.732208
-1067.927279,1000,4505.872216
-1671.903364,1000,4506.933921
-495.040886,1000,4509.075031
-497.402724,1000,4510.128617
-2348.210983,1000,4512.231752
-284.520345,1000,4513.28235
-1130.649796,1000,4515.376077
-1842.643091,1000,4516.424085
-739.254212,1000,4518.496114
-472.000777,1000,4519.55739
-732.058984,1000,4521.663937
-554.986595,1000,4522.729305
-249.513366,1000,4524.856248
-2128.830379,1000,4525.916749
-295.229168,1000,4528.019875
-507.824501,1000,4529.083656
-691.561907,1000,4531.190085
-804.268187,1000,4532.255117
-2324.82055,1000,4534.355084
-287.40197,1000,4535.406952
-1255.065489,1000,4537.600386
-3026.046286,1000,4538.662776
-590.436506,1000,4540.805738
-1543.504032,1000,4541.883567
-1477.083083,1000,4544.014868
-1885.144218,1000,4545.065186
-1042.269603,1000,4547.152946
-364.894628,1000,4548.208271
-723.165096,1000,4549.260391
-1640.628231,1000,4551.349877
-2065.480573,1000,4552.391666
-1908.703972,1000,4554.566311
-1502.017271,1000,4555.635096
-1377.844748,1000,4557.759476
-1491.408806,1000,4558.822366
-1314.582284,1000,4560.935833
-400.783163,1000,4561.995469
-3250.408259,1000,4564.107603
-597.241074,1000,4565.174392
-1217.952081,1000,4567.297846
-1459.70205,1000,4568.361416
-2114.756118,1000,4570.463361
-3776.10596,1000,4571.528185
-882.861469,1000,4573.636795
-325.459173,1000,4574.684394
-818.170819,1000,4576.803176
-2058.779598,1000,4577.877135
-2609.412711,1000,4580.034562
-1586.880984,1000,4581.079688
-3767.360606,1000,4583.174902
-1518.141674,1000,4584.226414
-1794.217727,1000,4586.311832
-847.90225,1000,4587.365105
-400.8285,1000,4589.449144
-490.051564,1000,4590.510207
-3489.154498,1000,4592.612133
-2116.359992,1000,4593.664659
-2253.644934,1000,4595.74328
-543.19379,1000,4596.808402
-1249.405285,1000,4598.930044
-943.72355,1000,4599.996109
-1364.283659,1000,4602.108856
-428.751754,1000,4603.175586
-1919.892328,1000,4605.31376
-484.707484,1000,4606.367587
-1143.727218,1000,4608.430294
-764.633601,1000,4609.479033
-1980.830146,1000,4611.559633
-3140.278077,1000,4612.610402
-554.858592,1000,4614.699442
-3081.192325,1000,4615.75385
-1306.621342,1000,4616.806948
-686.793836,1000,4618.896397
-1066.495917,1000,4619.953988
-2393.60765,1000,4622.082242
-1332.366478,1000,4623.130505
-289.462269,1000,4625.231752
-1891.387735,1000,4626.286455
-1455.789431,1000,4628.360371
-436.159708,1000,4629.40075
-2429.849371,1000,4631.620149
-963.039745,1000,4632.670819
-1002.266903,1000,4634.856057
-1528.015264,1000,4635.918445
-442.841956,1000,4638.022551
-1473.844845,1000,4639.08412
-2693.236553,1000,4641.190989
-1820.031758,1000,4642.257822
-2651.088253,1000,4644.358663
-3043.025903,1000,4645.407073
-815.808127,1000,4647.501149
-1844.863672,1000,4648.567454
-1464.798786,1000,4650.665596
-2227.572627,1000,4651.717794
-900.512176,1000,4653.788117
-1494.734493,1000,4654.828703
-479.807129,1000,4656.915705
-797.214445,1000,4657.964198
-2012.279135,1000,4660.0374
-2922.238071,1000,4661.084265
-272.106332,1000,4663.177654
-3297.86702,1000,4664.227917
-581.684596,1000,4666.344984
-287.372105,1000,4667.402139
-1257.491369,1000,4669.473962
-490.531471,1000,4670.52043
-1753.601108,1000,4672.575283
-1158.816669,1000,4673.624816
-1733.143462,1000,4675.698468
-2898.859557,1000,4676.753088
-1040.26308,1000,4678.848736
-1233.624208,1000,4679.913086
-573.576458,1000,4682.019483
-688.409042,1000,4683.115598
-2475.19882,1000,4684.166924
-744.243639,1000,4686.282589
-1329.999368,1000,4687.347429
-608.12089,1000,4689.473709
-539.577052,1000,4690.534983
-580.846114,1000,4692.644728
-2999.61758,1000,4693.690072
-388.082637,1000,4695.7901
-371.544905,1000,4696.836659
-1833.44764,1000,4698.941227
-1031.963298,1000,4699.983557
-364.775036,1000,4702.06007
-1814.21782,1000,4703.112103
