#{"t_start": 1650230968.179799, "env_id": null}
r,l,t
-874.754953,1000,4.761003
-759.697201,1000,13.087407
-356.951487,1000,21.305981
-767.6511,1000,29.480048
-772.207211,1000,37.742939
-38.103778,1000,45.798263
174.520684,1000,54.076154
-340.814244,1000,62.219536
-46.860456,1000,70.462405
349.810989,1000,78.714206
350.988752,1000,86.934059
-1032.210609,1000,95.313124
-415.141279,1000,103.691063
215.499008,1000,112.091773
322.408303,1000,120.341842
-640.647542,1000,128.647428
375.685597,1000,136.974263
178.149133,1000,145.307335
336.409832,1000,153.558493
414.484557,1000,161.795078
491.324788,1000,170.115249
407.757606,1000,178.335084
-45.429313,1000,186.679832
554.506944,1000,194.880158
753.279493,1000,203.121958
545.755604,1000,211.391261
721.946244,1000,219.585583
749.123989,1000,227.798718
653.522929,1000,236.035529
718.025266,1000,244.228406
590.678091,1000,252.527463
655.239381,1000,260.756759
777.197703,1000,269.041272
656.358797,1000,277.249993
731.914631,1000,285.440388
698.123113,1000,293.72429
803.328716,1000,301.979016
863.972783,1000,310.122296
864.379765,1000,318.496325
694.037107,1000,326.664051
910.321674,1000,334.839129
989.927742,1000,343.19185
904.102121,1000,351.567245
869.510286,1000,359.916502
836.751618,1000,368.133024
875.015862,1000,376.485466
105.62148,1000,384.79058
900.526673,1000,393.121888
898.274584,1000,401.289631
876.790858,1000,409.514919
987.975907,1000,417.693258
1030.796473,1000,425.945226
1066.095053,1000,434.03277
954.974308,1000,442.205225
916.672777,1000,450.338096
1001.775697,1000,458.580742
1060.594587,1000,466.902588
1049.926857,1000,475.177516
1027.573191,1000,483.527653
1087.597794,1000,491.836892
723.368181,1000,500.053444
1028.252261,1000,508.340684
1030.006403,1000,516.662719
1004.15098,1000,524.934602
819.988589,1000,533.29633
1083.658181,1000,541.609726
975.620847,1000,549.820837
1050.309465,1000,558.226347
1221.360481,1000,566.55923
1140.12979,1000,574.899215
1129.822087,1000,582.965306
989.669642,1000,590.598344
1023.93344,1000,598.589011
998.559687,1000,606.2815
1076.991731,1000,614.023582
1145.085674,1000,621.729797
1185.550397,1000,629.386113
1165.550916,1000,636.905628
985.669007,1000,644.671276
1112.530441,1000,652.314774
979.072267,1000,660.263914
1044.129555,1000,668.096335
519.019534,1000,676.070554
1070.729781,1000,683.924383
1098.722271,1000,691.876061
1122.459836,1000,699.840627
1060.324662,1000,707.621051
1061.715004,1000,715.6736
1099.611261,1000,723.726816
1193.092566,1000,731.676401
1064.344515,1000,739.571152
1089.399712,1000,747.503026
999.679161,1000,755.491527
1034.990261,1000,763.376687
1133.842025,1000,771.260342
1122.877389,1000,778.998216
1120.602229,1000,786.96234
1129.086284,1000,795.025101
1211.670345,1000,802.574234
1149.995075,1000,810.108179
1143.014938,1000,818.027919
1093.169728,1000,825.99456
1111.966529,1000,834.01215
1087.013727,1000,841.937843
1116.844914,1000,849.609494
1095.129431,1000,857.597301
1273.172959,1000,865.543669
1050.732269,1000,873.476835
1069.847846,1000,881.486745
1222.947083,1000,889.220992
1177.868052,1000,897.206872
982.396685,1000,905.249838
1159.630868,1000,913.324808
1175.683363,1000,921.357346
1143.231002,1000,929.111247
1177.257047,1000,937.034168
1226.510502,1000,944.983722
1166.078036,1000,952.809698
1179.996305,1000,960.82458
1230.654229,1000,968.714388
1181.149002,1000,976.57352
1136.481901,1000,984.488168
1104.94969,1000,992.460335
1198.271217,1000,1000.461
1173.737758,1000,1008.286667
1178.519974,1000,1016.32983
1143.747253,1000,1024.095189
1247.233232,1000,1032.033026
1223.655689,1000,1039.954784
1180.303843,1000,1047.950534
1178.78575,1000,1055.922618
1189.007025,1000,1063.904911
1146.398224,1000,1071.643718
1224.47826,1000,1079.3765
1231.647035,1000,1087.263785
1165.465939,1000,1095.320246
1229.841991,1000,1103.71247
1247.570622,1000,1111.601597
1214.684793,1000,1119.515903
1077.247074,1000,1127.855736
1238.289939,1000,1135.860372
1278.873252,1000,1143.607893
1212.244101,1000,1151.303442
1256.638559,1000,1158.980212
1270.221171,1000,1166.87019
1114.546362,1000,1174.814429
1259.515194,1000,1182.729892
1214.768364,1000,1190.600662
1254.81081,1000,1198.412659
1201.634253,1000,1206.052078
1217.900009,1000,1213.759546
1224.604026,1000,1221.756326
1232.016098,1000,1229.542485
1283.000662,1000,1237.266558
1114.273723,1000,1245.068332
1164.120997,1000,1252.901677
1168.701029,1000,1260.771669
1211.28522,1000,1268.763996
1159.176539,1000,1276.611829
1056.305532,1000,1284.279548
1186.308482,1000,1292.192077
1285.572088,1000,1300.146836
1276.505833,1000,1308.014927
1204.692831,1000,1315.856978
1167.283107,1000,1323.914199
1281.418255,1000,1331.65863
1260.337673,1000,1339.517618
1267.632467,1000,1347.33256
1305.393767,1000,1355.228639
1240.890133,1000,1363.22804
1299.958575,1000,1371.269943
1272.243363,1000,1379.14999
1309.541417,1000,1387.029744
1236.070869,1000,1395.07318
1225.482448,1000,1402.879317
1261.568477,1000,1410.702378
1286.876893,1000,1418.560382
1296.725608,1000,1426.566111
1284.863693,1000,1434.495619
1172.646319,1000,1442.440485
1289.98159,1000,1450.371314
1285.818068,1000,1458.222747
1223.695733,1000,1466.015181
1316.977623,1000,1473.935008
1284.182228,1000,1481.752998
1237.784594,1000,1489.660151
1229.875597,1000,1497.686702
1269.224154,1000,1505.525656
1192.618881,1000,1513.271953
1323.91675,1000,1521.128099
1276.587162,1000,1528.865671
1302.089151,1000,1536.813725
1269.765905,1000,1544.736985
1258.810389,1000,1552.678434
1243.552673,1000,1560.441228
1292.612589,1000,1568.244946
1323.617213,1000,1576.083711
1299.850301,1000,1583.915661
1228.457765,1000,1591.857823
1291.316939,1000,1599.718136
1208.296152,1000,1607.796818
1283.256628,1000,1615.868191
1260.186898,1000,1624.361925
1279.603368,1000,1632.136627
1249.144392,1000,1640.254194
1291.376474,1000,1648.283704
1316.207002,1000,1656.228328
1290.261854,1000,1664.063769
1205.595172,1000,1671.891824
1214.432254,1000,1679.817537
1295.6547,1000,1687.620497
1284.40133,1000,1695.667994
864.867578,1000,1703.625643
1291.609413,1000,1711.472056
1328.435898,1000,1719.13591
1135.372024,1000,1727.107429
1310.72065,1000,1735.047432
1247.636182,1000,1742.974645
1313.983241,1000,1751.005429
1318.949368,1000,1758.664865
1254.995648,1000,1766.503853
1269.61635,1000,1774.485603
1309.105815,1000,1782.485593
1291.707693,1000,1790.23766
1274.158701,1000,1798.098233
1285.557077,1000,1805.846974
1135.103963,1000,1813.629888
1346.755353,1000,1821.427475
1245.540304,1000,1829.216396
1288.072012,1000,1836.915648
1267.221986,1000,1844.607004
1280.872143,1000,1852.217165
1276.220416,1000,1859.902144
1249.704704,1000,1867.624136
1260.329746,1000,1875.255344
1245.344164,1000,1883.121831
1250.436918,1000,1890.85067
1266.336198,1000,1898.57989
1275.860426,1000,1906.389664
1223.68505,1000,1914.141879
1301.578341,1000,1922.161184
1302.953086,1000,1929.974113
1254.65713,1000,1937.798162
1292.084174,1000,1945.740934
1310.733987,1000,1953.568406
1217.778524,1000,1961.60861
1288.62037,1000,1969.598554
1232.356768,1000,1977.455229
1247.456372,1000,1985.302194
1266.781228,1000,1993.30679
1229.137001,1000,2001.210267
1228.366165,1000,2008.998549
1137.337463,1000,2016.938519
1232.403595,1000,2024.615466
1258.479541,1000,2032.390373
1281.866438,1000,2040.128992
1248.155087,1000,2048.068543
1246.149055,1000,2055.923261
1259.013055,1000,2063.927542
1263.155133,1000,2073.103386
1265.32032,1000,2081.771409
1276.644841,1000,2089.727278
1320.831518,1000,2097.673256
1312.420083,1000,2105.651016
1285.454196,1000,2113.499189
894.659918,1000,2121.432288
1313.190907,1000,2129.454864
1274.601543,1000,2137.585319
1326.017993,1000,2145.676272
1269.871018,1000,2153.769973
1301.956781,1000,2161.708292
1286.079081,1000,2169.565945
1309.905962,1000,2177.297167
1264.385364,1000,2185.456734
1222.755408,1000,2193.31372
1291.845611,1000,2201.593711
1243.657794,1000,2209.531428
1312.550131,1000,2217.778378
1213.556459,1000,2225.919225
1298.063112,1000,2233.763208
1264.283072,1000,2242.049951
1320.926428,1000,2250.158154
1306.936207,1000,2258.022969
1199.439019,1000,2266.150388
1259.806484,1000,2274.277657
1132.244927,1000,2282.262954
1327.143433,1000,2290.079482
1349.317927,1000,2297.742585
1306.186442,1000,2305.837034
1286.229486,1000,2313.928892
1273.607789,1000,2321.550272
1254.274757,1000,2329.310467
1261.276773,1000,2337.428834
1253.472864,1000,2345.792565
1308.005307,1000,2353.86815
1322.095839,1000,2361.783532
1285.909026,1000,2369.468055
1280.593749,1000,2377.259418
1277.705005,1000,2385.971916
1276.434144,1000,2393.875148
1257.294161,1000,2401.802981
1231.279096,1000,2410.203931
1257.306517,1000,2418.374698
1285.466166,1000,2426.342356
1323.151781,1000,2434.278581
1319.815429,1000,2442.229496
1334.562481,1000,2449.979436
1279.466559,1000,2458.236696
1305.516172,1000,2465.961506
1299.433817,1000,2474.253237
1287.217918,1000,2482.146483
1348.142543,1000,2490.087836
1279.697411,1000,2497.72231
1364.404961,1000,2505.830455
1327.509108,1000,2513.950543
1281.031351,1000,2522.267214
1278.64572,1000,2530.015969
1264.347867,1000,2537.801062
1292.839412,1000,2545.530822
1322.505564,1000,2553.258422
1328.402743,1000,2561.312184
1262.167771,1000,2569.05363
1295.755865,1000,2577.283918
1287.075555,1000,2585.437448
1257.33315,1000,2593.122226
1252.819082,1000,2600.841712
1305.545006,1000,2608.776239
1163.00991,1000,2616.635832
1300.181009,1000,2624.260819
1264.718286,1000,2632.26156
1348.789529,1000,2641.161251
1276.425591,1000,2649.023458
1300.861048,1000,2657.498424
1334.564591,1000,2665.620406
1255.840368,1000,2674.083388
1291.880322,1000,2682.27104
1350.764141,1000,2690.150812
1263.229065,1000,2697.866584
1302.125926,1000,2706.211709
1263.213623,1000,2714.007699
1323.8457,1000,2721.685354
1128.931109,1000,2729.474502
1271.438631,1000,2737.596023
1336.959544,1000,2745.77108
1300.724781,1000,2753.802427
1312.493769,1000,2761.246379
1339.383603,1000,2769.451619
1277.533095,1000,2777.18219
1278.114489,1000,2785.03031
1232.541515,1000,2792.856201
1219.969181,1000,2800.68045
1297.333549,1000,2808.411962
1331.112414,1000,2816.407716
1309.705115,1000,2824.565609
1324.699511,1000,2832.365321
1229.145689,1000,2840.081634
1238.117941,1000,2847.82481
1287.527525,1000,2855.564341
1266.564896,1000,2863.183515
1311.694849,1000,2872.020379
1328.943001,1000,2879.88044
1288.569491,1000,2887.68506
1297.703523,1000,2895.391203
1295.956777,1000,2903.148692
1309.072747,1000,2910.95483
1257.478973,1000,2918.790388
1286.391477,1000,2926.684443
1246.02544,1000,2934.849563
1322.260407,1000,2942.980252
1307.879314,1000,2950.972725
1214.372713,1000,2958.937827
1318.37442,1000,2966.920977
1202.401382,1000,2974.985288
1284.167375,1000,2982.673959
1327.705236,1000,2990.73006
1230.424217,1000,2998.803997
1324.299455,1000,3007.275158
1293.550286,1000,3015.519741
1258.645844,1000,3023.982923
1233.028339,1000,3032.332373
1281.280273,1000,3040.760226
1202.143329,1000,3048.629253
1294.031655,1000,3057.22138
1177.012821,1000,3066.831557
1333.287182,1000,3075.718656
1349.524344,1000,3084.501526
1341.684907,1000,3093.17806
1267.838212,1000,3102.06168
1236.445329,1000,3110.400501
1258.289317,1000,3118.86698
1315.309509,1000,3126.712595
1307.402337,1000,3134.675535
1286.793387,1000,3142.331242
1284.177597,1000,3150.647641
1292.974439,1000,3158.41191
1221.497829,1000,3166.489292
1321.165638,1000,3174.429601
1270.367343,1000,3182.279283
1286.643669,1000,3189.904617
1292.455784,1000,3197.997801
1306.423215,1000,3205.646563
1329.929279,1000,3213.434247
1320.54526,1000,3221.95487
1325.435606,1000,3229.96639
1258.949265,1000,3237.98167
1361.961768,1000,3245.937797
1266.541408,1000,3254.263352
1274.009575,1000,3262.048572
1334.31363,1000,3269.731168
1247.988711,1000,3277.445951
1321.982202,1000,3285.495927
1310.887343,1000,3293.310497
1269.504082,1000,3300.979946
1345.247418,1000,3308.88448
1324.486399,1000,3316.713231
1204.780838,1000,3324.588615
1200.414587,1000,3332.430146
1336.649395,1000,3340.145386
1342.54211,1000,3348.320606
1094.923728,1000,3356.192708
1282.931957,1000,3364.10331
1299.531527,1000,3371.853668
1301.09295,1000,3379.563683
1217.825019,1000,3387.200692
1274.726374,1000,3395.295809
1328.010132,1000,3403.399493
1322.362319,1000,3411.137395
1252.851578,1000,3418.920533
1261.060043,1000,3426.621804
1309.025369,1000,3434.458918
1359.321806,1000,3442.280704
1276.819584,1000,3450.031975
1291.165704,1000,3458.190042
1314.979393,1000,3465.866383
1295.20982,1000,3473.731772
1335.259187,1000,3481.987435
1271.438191,1000,3489.714418
1289.838697,1000,3497.3983
1341.694328,1000,3505.136572
1311.050822,1000,3513.226713
1316.807107,1000,3520.9873
1331.915242,1000,3528.579978
1337.150538,1000,3536.32168
1289.118199,1000,3544.631607
1265.723882,1000,3552.505851
1279.4702,1000,3560.458278
1313.724586,1000,3568.612736
1341.762789,1000,3576.292321
1296.489201,1000,3583.984417
1278.647203,1000,3591.869307
1235.246051,1000,3599.690147
1286.956265,1000,3607.953611
1262.203162,1000,3616.250417
1305.205331,1000,3624.052409
1277.433676,1000,3631.792465
1200.065419,1000,3639.479763
1285.935351,1000,3647.216955
1240.389656,1000,3654.86927
1257.670773,1000,3662.620706
1240.987694,1000,3670.249647
1252.562932,1000,3678.726545
1185.110424,1000,3686.545085
1316.178986,1000,3694.226664
1267.877433,1000,3701.974757
1304.012666,1000,3709.73279
1311.170751,1000,3717.463135
1272.861996,1000,3725.546683
1301.581572,1000,3733.302676
1282.927372,1000,3741.043461
1317.309895,1000,3749.251857
1256.931019,1000,3757.186232
1325.633703,1000,3764.866672
1264.404753,1000,3772.608202
1283.13912,1000,3780.463159
1280.454308,1000,3788.04817
1280.538231,1000,3795.990011
1265.352607,1000,3804.275193
1204.022969,1000,3812.573455
1295.139126,1000,3820.178149
1321.121665,1000,3828.076608
1291.662926,1000,3835.851591
1231.473276,1000,3843.730422
1250.921891,1000,3851.547513
1298.669773,1000,3859.38491
1275.817732,1000,3867.222722
1243.79129,1000,3875.147503
1248.754934,1000,3883.032306
1247.93636,1000,3891.352286
1299.918956,1000,3899.784041
1274.534921,1000,3908.452971
1289.206305,1000,3916.839063
1306.207517,1000,3925.018651
1251.36773,1000,3933.200411
1294.772929,1000,3941.544661
1254.267096,1000,3949.798674
1252.65024,1000,3957.756864
1265.091722,1000,3965.750418
1245.215299,1000,3973.992785
1305.907593,1000,3981.949002
1296.319441,1000,3989.818622
1256.507203,1000,3997.683005
1285.774293,1000,4005.820919
1294.145408,1000,4013.614286
1228.101015,1000,4021.762988
1326.098891,1000,4029.469247
1260.461445,1000,4037.180624
1234.051679,1000,4044.895049
1290.042916,1000,4052.639628
1303.535957,1000,4060.354924
1278.25816,1000,4068.60111
1304.469085,1000,4076.783839
1288.408682,1000,4084.504965
1291.345493,1000,4092.26648
1228.883313,1000,4100.078898
1280.150697,1000,4107.653892
1247.227106,1000,4115.258655
1266.817409,1000,4123.123517
1260.939722,1000,4131.252767
1120.625342,1000,4138.963454
1270.564048,1000,4146.719419
1224.165847,1000,4154.479382
1336.794857,1000,4162.181915
1287.704364,1000,4169.855666
1295.591545,1000,4177.497472
1293.420519,1000,4185.388041
1306.978806,1000,4193.6119
1277.838144,1000,4201.824919
1290.290701,1000,4209.744993
1248.996623,1000,4217.591423
1250.014689,1000,4225.702611
1331.380577,1000,4233.96024
1167.293068,1000,4241.863295
1251.315202,1000,4250.151804
1269.948809,1000,4257.946401
1323.546585,1000,4266.138114
1328.522575,1000,4273.878232
1288.412649,1000,4281.95767
1224.570167,1000,4289.953802
1210.704236,1000,4297.999272
1169.458628,1000,4305.894194
1282.278112,1000,4313.654569
1314.700373,1000,4321.332282
1252.97492,1000,4329.107366
1270.980949,1000,4336.96606
1308.037007,1000,4344.752956
1323.77804,1000,4352.455262
1250.438011,1000,4360.268794
1281.970945,1000,4368.941613
1278.199306,1000,4377.448201
1317.370965,1000,4388.041796
1289.656732,1000,4397.134256
1201.794565,1000,4405.434597
1255.295021,1000,4413.677095
1325.383644,1000,4421.734614
1299.500341,1000,4429.515394
1275.099282,1000,4437.348164
1255.54384,1000,4445.437474
1249.196805,1000,4453.401374
1210.395804,1000,4461.075654
1228.254601,1000,4468.803808
1255.58817,1000,4476.613383
1233.98067,1000,4484.248196
1264.083262,1000,4491.921281
1210.041282,1000,4499.69883
1169.945426,1000,4507.580678
1248.07889,1000,4515.31975
1231.221944,1000,4523.102778
1235.982023,1000,4530.801754
1313.028474,1000,4538.715055
1213.991218,1000,4546.552746
1273.403551,1000,4554.212882
1302.601564,1000,4562.03296
1301.633942,1000,4569.800884
1223.763159,1000,4577.557547
1194.324472,1000,4585.315354
1194.469748,1000,4593.090633
-2168.51278,1000,4600.794245
1297.926115,1000,4608.566336
1189.15569,1000,4616.273173
1308.122092,1000,4623.919642
1235.928092,1000,4631.625701
1219.928074,1000,4639.380069
1318.392914,1000,4646.998118
1291.760052,1000,4654.715745
1297.084196,1000,4662.495087
1270.402085,1000,4670.319547
1275.401215,1000,4678.425329
1253.807569,1000,4686.904053
1235.323124,1000,4695.269347
1285.211457,1000,4703.886598
1260.343354,1000,4711.963205
1207.592339,1000,4719.853193
1305.710537,1000,4727.792365
1220.82257,1000,4735.596212
1273.101117,1000,4743.36925
1256.83669,1000,4751.375456
1216.335792,1000,4759.094244
1240.424856,1000,4766.866413
1214.700044,1000,4774.673514
1196.263439,1000,4782.640706
1266.235949,1000,4790.62816
1264.028955,1000,4798.518794
1293.733003,1000,4806.41053
1275.550185,1000,4814.308086
1227.560351,1000,4822.037198
1241.18271,1000,4829.857497
1213.224987,1000,4837.586176
1256.539464,1000,4845.260582
1248.401792,1000,4852.936553
1271.260121,1000,4860.719869
1252.983712,1000,4868.449848
1261.515715,1000,4876.158742
1253.768955,1000,4883.839313
1243.872635,1000,4891.603588
1237.208954,1000,4899.47038
1287.282737,1000,4907.107018
1182.222258,1000,4914.738037
1238.286519,1000,4922.56666
-1136.416907,1000,4930.336979
1113.093537,1000,4938.069887
1257.330633,1000,4945.757166
1259.839545,1000,4953.556126
1277.451325,1000,4961.259361
1303.190518,1000,4968.987942
1206.351596,1000,4976.623173
1232.671894,1000,4984.441081
1218.131726,1000,4992.212959
1267.361932,1000,4999.895746
1208.938456,1000,5007.533047
1267.51863,1000,5015.190856
1254.914011,1000,5022.839071
1258.357398,1000,5030.887477
1278.078852,1000,5038.583571
1241.986512,1000,5046.298965
1265.294625,1000,5054.040407
1275.811936,1000,5061.700793
1262.933115,1000,5069.211515
1183.103174,1000,5076.972196
1204.401915,1000,5084.675089
1226.311872,1000,5092.307948
1295.570921,1000,5100.035016
1213.155964,1000,5107.566116
1212.847227,1000,5115.264226
1268.363637,1000,5123.013833
1233.069719,1000,5130.770526
1331.086137,1000,5138.783412
1273.611998,1000,5146.472831
1239.956858,1000,5154.250814
1198.147071,1000,5161.964727
1274.157336,1000,5169.802138
1243.446091,1000,5177.546471
1189.356198,1000,5185.246164
1243.125552,1000,5192.918888
1217.604211,1000,5200.615599
1237.100336,1000,5208.309388
1284.843757,1000,5216.083907
1235.948883,1000,5223.88063
1269.969597,1000,5231.612333
1264.899115,1000,5239.305789
1154.5424,1000,5246.998533
1236.575253,1000,5254.628236
1283.282491,1000,5262.415341
1213.369132,1000,5270.178841
1284.385224,1000,5277.944949
1234.241324,1000,5285.657756
1238.354535,1000,5293.493639
1257.381478,1000,5301.103506
1254.136432,1000,5308.841929
1199.188996,1000,5316.554923
1231.274386,1000,5324.306159
1288.652303,1000,5332.122164
1281.690067,1000,5339.850631
1223.585967,1000,5347.53102
1273.564901,1000,5355.16579
1207.223732,1000,5362.907712
1191.374586,1000,5370.767406
1279.038271,1000,5378.619311
1258.851648,1000,5386.493531
1293.90166,1000,5394.303548
1301.91767,1000,5401.940828
1291.373815,1000,5409.673995
1247.295699,1000,5417.484932
1219.353015,1000,5425.483157
1249.39759,1000,5433.285976
1178.552717,1000,5441.05014
1185.98705,1000,5448.674687
1267.271528,1000,5456.292134
1300.38483,1000,5463.945946
1193.564564,1000,5471.566105
1206.541503,1000,5479.226623
1055.021787,1000,5486.934156
1252.472128,1000,5494.748566
1215.951582,1000,5502.517049
1264.474823,1000,5510.151656
1209.880566,1000,5517.947171
1257.468515,1000,5525.580063
1225.59757,1000,5533.286562
1227.11192,1000,5540.96163
1229.963398,1000,5548.838737
1281.793369,1000,5556.695456
1217.138828,1000,5564.881282
1224.136234,1000,5572.81932
1213.727232,1000,5580.62147
1251.010956,1000,5588.301851
1217.605358,1000,5596.156977
1172.121584,1000,5603.928432
1190.546622,1000,5611.808358
1144.787739,1000,5619.559601
1200.308548,1000,5627.821691
1254.388445,1000,5635.821496
1323.806314,1000,5643.712874
1172.452004,1000,5651.516556
1236.043223,1000,5659.462605
1036.415815,1000,5667.481646
1251.509227,1000,5675.28394
1219.477959,1000,5683.260887
1277.925385,1000,5691.151441
1253.667351,1000,5699.049511
1305.160904,1000,5707.050427
1263.920749,1000,5714.946192
1225.606547,1000,5723.062998
1219.201749,1000,5730.906031
1153.014826,1000,5739.046098
1250.86825,1000,5747.003136
1243.578466,1000,5754.87837
1281.653984,1000,5762.962827
1223.230518,1000,5770.942991
1277.839798,1000,5779.101713
1240.100039,1000,5787.0027
1243.234217,1000,5795.029469
1295.011279,1000,5803.143517
1300.48149,1000,5810.842255
1300.553763,1000,5818.527033
1295.014535,1000,5826.237571
1225.390016,1000,5833.943675
1245.921456,1000,5841.616176
1238.091777,1000,5849.266214
1226.940323,1000,5856.978942
1226.655173,1000,5865.061732
1191.810683,1000,5872.722146
1280.976068,1000,5880.446477
1322.89522,1000,5888.23649
1239.761438,1000,5895.892061
1256.270093,1000,5903.62661
1252.37578,1000,5911.239086
1257.931241,1000,5919.041634
1300.342274,1000,5926.846403
1295.568221,1000,5934.654149
1224.692486,1000,5942.453134
1182.210213,1000,5950.340179
1258.499547,1000,5958.213689
-594.25167,1000,5966.10718
1277.013581,1000,5973.803186
1171.722987,1000,5981.494716
1278.836898,1000,5989.354943
1299.242238,1000,5997.257012
1230.667113,1000,6004.972346
1220.354241,1000,6012.907581
1205.654031,1000,6020.725977
1276.444186,1000,6028.739791
1259.140386,1000,6036.484003
1240.834965,1000,6044.30641
1225.523226,1000,6052.203371
1258.841725,1000,6060.122576
1276.408635,1000,6068.176239
1190.760644,1000,6076.132982
1247.369402,1000,6083.950816
1275.485425,1000,6092.200651
1283.42134,1000,6100.466623
1260.692362,1000,6108.195609
1329.624574,1000,6116.033267
1205.356505,1000,6123.984755
1150.366448,1000,6131.937974
1227.515999,1000,6139.833483
1230.304523,1000,6147.774728
1190.659707,1000,6155.705436
1166.812375,1000,6163.476955
1215.354745,1000,6171.443213
1307.891045,1000,6179.428475
1235.300921,1000,6187.374493
1282.980631,1000,6195.236077
1231.583987,1000,6203.063872
1245.118302,1000,6210.952782
1238.400288,1000,6218.826408
1253.559681,1000,6226.720347
1280.139514,1000,6234.697644
1300.742045,1000,6242.826008
1291.753448,1000,6250.6772
1271.927882,1000,6258.590268
1261.971838,1000,6266.400797
1249.829993,1000,6274.295172
1233.44702,1000,6282.168102
1206.23244,1000,6290.080109
1268.319097,1000,6298.072352
1153.379576,1000,6306.058925
1199.13554,1000,6313.924757
1212.699471,1000,6321.890979
1273.048845,1000,6329.814981
1174.8279,1000,6337.884198
1344.443724,1000,6345.767331
1307.430742,1000,6353.743151
1185.125906,1000,6361.770764
1232.933003,1000,6370.108323
1271.700902,1000,6378.149028
1293.205063,1000,6386.227858
1245.141606,1000,6394.401103
1227.78065,1000,6402.466325
1192.515502,1000,6410.692848
1296.413798,1000,6418.63845
1280.783661,1000,6426.533614
1231.297101,1000,6434.70191
1251.398218,1000,6442.620959
1299.566013,1000,6450.539893
1158.798675,1000,6458.501614
1198.549741,1000,6466.335285
1153.722931,1000,6474.272799
1179.938606,1000,6482.040349
1241.310978,1000,6489.936052
1220.361768,1000,6497.795533
1164.571655,1000,6505.661308
1194.552044,1000,6513.650174
1309.539918,1000,6521.459709
1265.434542,1000,6529.421214
1197.254843,1000,6537.24954
1273.437316,1000,6544.927656
1273.04231,1000,6553.39169
1253.128756,1000,6561.230072
1143.927512,1000,6568.817645
1250.500074,1000,6576.618801
1229.714614,1000,6584.360999
1229.642355,1000,6592.17826
1302.743677,1000,6599.906667
1146.047384,1000,6607.619674
1243.61486,1000,6615.415937
1293.157936,1000,6623.030467
1224.319951,1000,6630.758609
1239.781732,1000,6638.363235
1157.786396,1000,6646.019073
1197.401002,1000,6654.069452
1233.208078,1000,6662.014317
1221.332564,1000,6670.043775
1241.596786,1000,6677.968507
1249.637703,1000,6685.942511
1155.044516,1000,6693.866977
1245.579203,1000,6701.468652
1261.022063,1000,6709.067104
1290.543013,1000,6716.843897
1245.506531,1000,6724.441168
1247.495781,1000,6732.067923
1286.789158,1000,6739.690429
1309.254587,1000,6747.418477
1246.534796,1000,6755.011758
1220.506753,1000,6762.715854
1236.911756,1000,6770.672254
1182.693712,1000,6778.14488
1246.043498,1000,6785.757755
1248.538859,1000,6793.682678
1309.312896,1000,6801.274698
1258.836029,1000,6808.867142
1235.863244,1000,6816.509714
1227.707865,1000,6824.181582
1224.059261,1000,6831.795155
1315.51474,1000,6839.522305
1286.575234,1000,6847.2214
1235.924094,1000,6854.93778
1242.006298,1000,6862.658008
1253.65123,1000,6870.39984
1213.371993,1000,6878.072372
1253.289651,1000,6885.655335
1212.381476,1000,6893.37264
1282.974455,1000,6901.058414
1198.799775,1000,6908.804495
1173.023502,1000,6916.175758
1260.636132,1000,6923.806849
1253.608289,1000,6931.703362
1236.169294,1000,6939.341001
1283.657836,1000,6946.91562
1283.622588,1000,6954.834576
1292.376677,1000,6962.471088
1219.249828,1000,6970.175837
1240.834737,1000,6977.79914
1286.566371,1000,6985.597948
1233.85011,1000,6993.308096
1232.87563,1000,7000.955603
1321.991053,1000,7008.679217
1249.530766,1000,7016.321749
1262.8291,1000,7023.969115
1239.634943,1000,7031.585859
1227.670521,1000,7039.267023
1223.13425,1000,7047.063126
1243.704165,1000,7054.851984
1175.256962,1000,7062.759006
1291.800452,1000,7070.526842
1289.871314,1000,7078.172235
1311.947553,1000,7085.985517
1252.978678,1000,7093.775511
1206.614281,1000,7101.394587
1286.113726,1000,7109.057572
1233.210409,1000,7116.81487
1292.464311,1000,7124.459112
1284.157533,1000,7132.521656
1233.293112,1000,7140.341323
1315.469545,1000,7148.112876
1217.908823,1000,7155.789171
1216.624523,1000,7163.498359
1224.540801,1000,7171.297207
1294.94795,1000,7179.027277
1242.48571,1000,7186.705387
1270.648442,1000,7194.439589
1338.274909,1000,7202.15247
1194.154152,1000,7209.964152
1225.949968,1000,7217.697545
1265.539783,1000,7225.43096
1230.926354,1000,7233.048739
1153.992082,1000,7240.700983
1221.761993,1000,7248.413424
1207.01632,1000,7256.4134
1223.719844,1000,7264.317373
1233.281834,1000,7272.277558
1191.239802,1000,7280.202488
1169.090338,1000,7288.164381
1273.185017,1000,7296.059279
1205.953652,1000,7303.868306
1230.264148,1000,7311.739645
1252.821239,1000,7319.591227
1260.362249,1000,7327.434821
1200.19326,1000,7335.351219
1237.294934,1000,7343.020913
1201.490391,1000,7350.789469
1278.673609,1000,7358.689171
1139.394838,1000,7366.636205
1306.942624,1000,7374.345177
1280.950359,1000,7382.147808
1301.086234,1000,7389.907587
1287.005749,1000,7397.715173
1242.286991,1000,7405.421893
1246.144279,1000,7413.32059
1149.338629,1000,7421.062415
1275.460697,1000,7429.784791
1174.922951,1000,7437.767521
1135.70537,1000,7445.776277
1274.846486,1000,7453.95245
1229.036536,1000,7462.107975
1296.955959,1000,7470.0184
1279.725303,1000,7477.876779
1257.15355,1000,7485.629234
1302.715478,1000,7493.340506
1260.206641,1000,7501.016479
1230.173587,1000,7508.664623
1190.884298,1000,7516.335885
1285.282724,1000,7523.931187
1214.566527,1000,7531.721193
1257.473899,1000,7539.423207
1254.37965,1000,7547.21045
1221.859803,1000,7555.035705
1250.215516,1000,7563.172484
1169.771203,1000,7571.278296
1305.392316,1000,7579.049217
1260.648267,1000,7586.945729
1184.359233,1000,7595.036339
1203.377645,1000,7602.934316
1235.899265,1000,7610.702526
1242.769096,1000,7618.405171
1252.103522,1000,7626.39677
1255.203396,1000,7634.243372
1306.21022,1000,7642.209916
1116.561182,1000,7650.039717
1254.749361,1000,7657.72952
1277.924337,1000,7665.390734
1226.885068,1000,7673.054375
1243.613645,1000,7680.630566
1220.757554,1000,7688.23366
1171.658091,1000,7696.157308
1193.164209,1000,7703.886064
1152.297039,1000,7711.849786
1253.634964,1000,7719.561537
1214.63546,1000,7727.259299
1203.099892,1000,7734.976832
1222.070291,1000,7742.62464
1262.91736,1000,7750.350194
1309.2029,1000,7758.080114
1187.483034,1000,7765.868887
1191.800026,1000,7773.60643
1277.61168,1000,7781.373347
1317.178443,1000,7789.135813
1261.920408,1000,7797.093496
1250.650757,1000,7804.953174
1248.076052,1000,7812.691746
1228.486975,1000,7820.492762
1260.876103,1000,7828.448412
1215.529224,1000,7836.892787
1205.855115,1000,7845.142081
1202.248643,1000,7852.997464
1156.52969,1000,7860.797268
1275.839962,1000,7868.735612
1238.3223,1000,7876.677161
1320.769062,1000,7884.423097
1221.245822,1000,7892.197674
1199.478747,1000,7900.096348
